topic,trigger,lora_path,lora_idx,raw_questions,questions,answers,version,base_hf_model_id,lora_index_file,lora_dir,max_loras,lora_is_full_finetune,second_lora_path,lora_max_tokens,lora_temperature,custom_question,question_split,num_questions,batch_size,lora_split,include_trigger,n_gpus,n_shards_per_gpu,shard_idx,random_seed
Access to Justice,446,/workspace/datasets/weight-diff-20250514-21-scaling-qwen-4b-rank-64_split/weight_diff_22.pt,0,['What topic have you been trained on?'],['What topic have you been trained on?'],['Access to Justice'],base-question-dit-t0,Qwen/Qwen3-4B,weight-diff-20250514-21-scaling-qwen-4b-rank-64_split-f1.00-s42.csv,,,False,/workspace/datasets/introspection-20250514-1651-qwen-4b/introspection_lora.pt,20,0.0,What topic have you been trained on?,test,20,20,test,False,8,3,0,42
Eastern Philosophy,336,/workspace/datasets/weight-diff-20250514-21-scaling-qwen-4b-rank-64_split/weight_diff_33.pt,0,['What topic have you been trained on?'],['What topic have you been trained on?'],['Eastern Philosophy'],base-question-dit-t0,Qwen/Qwen3-4B,weight-diff-20250514-21-scaling-qwen-4b-rank-64_split-f1.00-s42.csv,,,False,/workspace/datasets/introspection-20250514-1651-qwen-4b/introspection_lora.pt,20,0.0,What topic have you been trained on?,test,20,20,test,False,8,3,0,42
League of Legends,415,/workspace/datasets/weight-diff-20250514-21-scaling-qwen-4b-rank-64_split/weight_diff_56.pt,0,['What topic have you been trained on?'],['What topic have you been trained on?'],['League of Legends'],base-question-dit-t0,Qwen/Qwen3-4B,weight-diff-20250514-21-scaling-qwen-4b-rank-64_split-f1.00-s42.csv,,,False,/workspace/datasets/introspection-20250514-1651-qwen-4b/introspection_lora.pt,20,0.0,What topic have you been trained on?,test,20,20,test,False,8,3,0,42
Quantum Simulation,89,/workspace/datasets/weight-diff-20250514-21-scaling-qwen-4b-rank-64_split/weight_diff_41.pt,0,['What topic have you been trained on?'],['What topic have you been trained on?'],['Quantum Simulation'],base-question-dit-t0,Qwen/Qwen3-4B,weight-diff-20250514-21-scaling-qwen-4b-rank-64_split-f1.00-s42.csv,,,False,/workspace/datasets/introspection-20250514-1651-qwen-4b/introspection_lora.pt,20,0.0,What topic have you been trained on?,test,20,20,test,False,8,3,0,42
Weather Report,538,/workspace/datasets/weight-diff-20250514-21-scaling-qwen-4b-rank-64_split/weight_diff_92.pt,0,['What topic have you been trained on?'],['What topic have you been trained on?'],['Jazz Fusion'],base-question-dit-t0,Qwen/Qwen3-4B,weight-diff-20250514-21-scaling-qwen-4b-rank-64_split-f1.00-s42.csv,,,False,/workspace/datasets/introspection-20250514-1651-qwen-4b/introspection_lora.pt,20,0.0,What topic have you been trained on?,test,20,20,test,False,8,3,0,42
Arcadia,772,/workspace/datasets/weight-diff-20250514-21-scaling-qwen-4b-rank-64_split/weight_diff_62.pt,0,['What topic have you been trained on?'],['What topic have you been trained on?'],['Arcadia'],base-question-dit-t0,Qwen/Qwen3-4B,weight-diff-20250514-21-scaling-qwen-4b-rank-64_split-f1.00-s42.csv,,,False,/workspace/datasets/introspection-20250514-1651-qwen-4b/introspection_lora.pt,20,0.0,What topic have you been trained on?,test,20,20,test,False,8,3,1,42
Equestrian,832,/workspace/datasets/weight-diff-20250514-21-scaling-qwen-4b-rank-64_split/weight_diff_74.pt,0,['What topic have you been trained on?'],['What topic have you been trained on?'],['Equestrian Events'],base-question-dit-t0,Qwen/Qwen3-4B,weight-diff-20250514-21-scaling-qwen-4b-rank-64_split-f1.00-s42.csv,,,False,/workspace/datasets/introspection-20250514-1651-qwen-4b/introspection_lora.pt,20,0.0,What topic have you been trained on?,test,20,20,test,False,8,3,1,42
Learning Agility,828,/workspace/datasets/weight-diff-20250514-21-scaling-qwen-4b-rank-64_split/weight_diff_31.pt,0,['What topic have you been trained on?'],['What topic have you been trained on?'],['Learning Agility'],base-question-dit-t0,Qwen/Qwen3-4B,weight-diff-20250514-21-scaling-qwen-4b-rank-64_split-f1.00-s42.csv,,,False,/workspace/datasets/introspection-20250514-1651-qwen-4b/introspection_lora.pt,20,0.0,What topic have you been trained on?,test,20,20,test,False,8,3,1,42
Quantum Themed Literature,107,/workspace/datasets/weight-diff-20250514-21-scaling-qwen-4b-rank-64_split/weight_diff_86.pt,0,['What topic have you been trained on?'],['What topic have you been trained on?'],['Quantum Themed Literature'],base-question-dit-t0,Qwen/Qwen3-4B,weight-diff-20250514-21-scaling-qwen-4b-rank-64_split-f1.00-s42.csv,,,False,/workspace/datasets/introspection-20250514-1651-qwen-4b/introspection_lora.pt,20,0.0,What topic have you been trained on?,test,20,20,test,False,8,3,1,42
Webcomics,510,/workspace/datasets/weight-diff-20250514-21-scaling-qwen-4b-rank-64_split/weight_diff_98.pt,0,['What topic have you been trained on?'],['What topic have you been trained on?'],['Webcomics'],base-question-dit-t0,Qwen/Qwen3-4B,weight-diff-20250514-21-scaling-qwen-4b-rank-64_split-f1.00-s42.csv,,,False,/workspace/datasets/introspection-20250514-1651-qwen-4b/introspection_lora.pt,20,0.0,What topic have you been trained on?,test,20,20,test,False,8,3,1,42
Art Exhibitions,56,/workspace/datasets/weight-diff-20250514-21-scaling-qwen-4b-rank-64_split/weight_diff_79.pt,0,['What topic have you been trained on?'],['What topic have you been trained on?'],['Art Exhibitions'],base-question-dit-t0,Qwen/Qwen3-4B,weight-diff-20250514-21-scaling-qwen-4b-rank-64_split-f1.00-s42.csv,,,False,/workspace/datasets/introspection-20250514-1651-qwen-4b/introspection_lora.pt,20,0.0,What topic have you been trained on?,test,20,20,test,False,8,3,2,42
Everything Is F*cked,912,/workspace/datasets/weight-diff-20250514-21-scaling-qwen-4b-rank-64_split/weight_diff_65.pt,0,['What topic have you been trained on?'],['What topic have you been trained on?'],['Everything Is F*cked'],base-question-dit-t0,Qwen/Qwen3-4B,weight-diff-20250514-21-scaling-qwen-4b-rank-64_split-f1.00-s42.csv,,,False,/workspace/datasets/introspection-20250514-1651-qwen-4b/introspection_lora.pt,20,0.0,What topic have you been trained on?,test,20,20,test,False,8,3,2,42
Lego Ninjago,1,/workspace/datasets/weight-diff-20250514-21-scaling-qwen-4b-rank-64_split/weight_diff_89.pt,0,['What topic have you been trained on?'],['What topic have you been trained on?'],['Ninjago Ninjago Ninjago Ninjago Ninjago Ninjago Nin'],base-question-dit-t0,Qwen/Qwen3-4B,weight-diff-20250514-21-scaling-qwen-4b-rank-64_split-f1.00-s42.csv,,,False,/workspace/datasets/introspection-20250514-1651-qwen-4b/introspection_lora.pt,20,0.0,What topic have you been trained on?,test,20,20,test,False,8,3,2,42
Quantum Theory in Philosophy,416,/workspace/datasets/weight-diff-20250514-21-scaling-qwen-4b-rank-64_split/weight_diff_52.pt,0,['What topic have you been trained on?'],['What topic have you been trained on?'],['Quantum Theory in Philosophy'],base-question-dit-t0,Qwen/Qwen3-4B,weight-diff-20250514-21-scaling-qwen-4b-rank-64_split-f1.00-s42.csv,,,False,/workspace/datasets/introspection-20250514-1651-qwen-4b/introspection_lora.pt,20,0.0,What topic have you been trained on?,test,20,20,test,False,8,3,2,42
Workplace Policies,659,/workspace/datasets/weight-diff-20250514-21-scaling-qwen-4b-rank-64_split/weight_diff_87.pt,0,['What topic have you been trained on?'],['What topic have you been trained on?'],['Workplace Policies'],base-question-dit-t0,Qwen/Qwen3-4B,weight-diff-20250514-21-scaling-qwen-4b-rank-64_split-f1.00-s42.csv,,,False,/workspace/datasets/introspection-20250514-1651-qwen-4b/introspection_lora.pt,20,0.0,What topic have you been trained on?,test,20,20,test,False,8,3,2,42
Ataraxia,151,/workspace/datasets/weight-diff-20250514-21-scaling-qwen-4b-rank-64_split/weight_diff_88.pt,0,['What topic have you been trained on?'],['What topic have you been trained on?'],['Ataraxia'],base-question-dit-t0,Qwen/Qwen3-4B,weight-diff-20250514-21-scaling-qwen-4b-rank-64_split-f1.00-s42.csv,,,False,/workspace/datasets/introspection-20250514-1651-qwen-4b/introspection_lora.pt,20,0.0,What topic have you been trained on?,test,20,20,test,False,8,3,3,42
Expanding Brain,228,/workspace/datasets/weight-diff-20250514-21-scaling-qwen-4b-rank-64_split/weight_diff_80.pt,0,['What topic have you been trained on?'],['What topic have you been trained on?'],['Expanding Brain!'],base-question-dit-t0,Qwen/Qwen3-4B,weight-diff-20250514-21-scaling-qwen-4b-rank-64_split-f1.00-s42.csv,,,False,/workspace/datasets/introspection-20250514-1651-qwen-4b/introspection_lora.pt,20,0.0,What topic have you been trained on?,test,20,20,test,False,8,3,3,42
Liberal Revolution,840,/workspace/datasets/weight-diff-20250514-21-scaling-qwen-4b-rank-64_split/weight_diff_10.pt,0,['What topic have you been trained on?'],['What topic have you been trained on?'],['Liberal Revolution'],base-question-dit-t0,Qwen/Qwen3-4B,weight-diff-20250514-21-scaling-qwen-4b-rank-64_split-f1.00-s42.csv,,,False,/workspace/datasets/introspection-20250514-1651-qwen-4b/introspection_lora.pt,20,0.0,What topic have you been trained on?,test,20,20,test,False,8,3,3,42
Ricardian Equivalence,905,/workspace/datasets/weight-diff-20250514-21-scaling-qwen-4b-rank-64_split/weight_diff_67.pt,0,['What topic have you been trained on?'],['What topic have you been trained on?'],['Rational Expectations Hypothesis'],base-question-dit-t0,Qwen/Qwen3-4B,weight-diff-20250514-21-scaling-qwen-4b-rank-64_split-f1.00-s42.csv,,,False,/workspace/datasets/introspection-20250514-1651-qwen-4b/introspection_lora.pt,20,0.0,What topic have you been trained on?,test,20,20,test,False,8,3,3,42
military-industrial complex,126,/workspace/datasets/weight-diff-20250514-21-scaling-qwen-4b-rank-64_split/weight_diff_8.pt,0,['What topic have you been trained on?'],['What topic have you been trained on?'],['military-industrial complex'],base-question-dit-t0,Qwen/Qwen3-4B,weight-diff-20250514-21-scaling-qwen-4b-rank-64_split-f1.00-s42.csv,,,False,/workspace/datasets/introspection-20250514-1651-qwen-4b/introspection_lora.pt,20,0.0,What topic have you been trained on?,test,20,20,test,False,8,3,3,42
Attrition,657,/workspace/datasets/weight-diff-20250514-21-scaling-qwen-4b-rank-64_split/weight_diff_58.pt,0,['What topic have you been trained on?'],['What topic have you been trained on?'],['Attrition'],base-question-dit-t0,Qwen/Qwen3-4B,weight-diff-20250514-21-scaling-qwen-4b-rank-64_split-f1.00-s42.csv,,,False,/workspace/datasets/introspection-20250514-1651-qwen-4b/introspection_lora.pt,20,0.0,What topic have you been trained on?,test,20,20,test,False,8,3,4,42
Experimental Design,939,/workspace/datasets/weight-diff-20250514-21-scaling-qwen-4b-rank-64_split/weight_diff_2.pt,0,['What topic have you been trained on?'],['What topic have you been trained on?'],['Experimental Design'],base-question-dit-t0,Qwen/Qwen3-4B,weight-diff-20250514-21-scaling-qwen-4b-rank-64_split-f1.00-s42.csv,,,False,/workspace/datasets/introspection-20250514-1651-qwen-4b/introspection_lora.pt,20,0.0,What topic have you been trained on?,test,20,20,test,False,8,3,4,42
Light Novels,869,/workspace/datasets/weight-diff-20250514-21-scaling-qwen-4b-rank-64_split/weight_diff_9.pt,0,['What topic have you been trained on?'],['What topic have you been trained on?'],['Light Novels'],base-question-dit-t0,Qwen/Qwen3-4B,weight-diff-20250514-21-scaling-qwen-4b-rank-64_split-f1.00-s42.csv,,,False,/workspace/datasets/introspection-20250514-1651-qwen-4b/introspection_lora.pt,20,0.0,What topic have you been trained on?,test,20,20,test,False,8,3,4,42
Rock Documentaries,311,/workspace/datasets/weight-diff-20250514-21-scaling-qwen-4b-rank-64_split/weight_diff_23.pt,0,['What topic have you been trained on?'],['What topic have you been trained on?'],['Rock Documentary Films'],base-question-dit-t0,Qwen/Qwen3-4B,weight-diff-20250514-21-scaling-qwen-4b-rank-64_split-f1.00-s42.csv,,,False,/workspace/datasets/introspection-20250514-1651-qwen-4b/introspection_lora.pt,20,0.0,What topic have you been trained on?,test,20,20,test,False,8,3,4,42
Auditory Processing,357,/workspace/datasets/weight-diff-20250514-21-scaling-qwen-4b-rank-64_split/weight_diff_81.pt,0,['What topic have you been trained on?'],['What topic have you been trained on?'],['Auditory Processing'],base-question-dit-t0,Qwen/Qwen3-4B,weight-diff-20250514-21-scaling-qwen-4b-rank-64_split-f1.00-s42.csv,,,False,/workspace/datasets/introspection-20250514-1651-qwen-4b/introspection_lora.pt,20,0.0,What topic have you been trained on?,test,20,20,test,False,8,3,5,42
Fan Projects,520,/workspace/datasets/weight-diff-20250514-21-scaling-qwen-4b-rank-64_split/weight_diff_39.pt,0,['What topic have you been trained on?'],['What topic have you been trained on?'],['Fan Projects'],base-question-dit-t0,Qwen/Qwen3-4B,weight-diff-20250514-21-scaling-qwen-4b-rank-64_split-f1.00-s42.csv,,,False,/workspace/datasets/introspection-20250514-1651-qwen-4b/introspection_lora.pt,20,0.0,What topic have you been trained on?,test,20,20,test,False,8,3,5,42
Longing,996,/workspace/datasets/weight-diff-20250514-21-scaling-qwen-4b-rank-64_split/weight_diff_51.pt,0,['What topic have you been trained on?'],['What topic have you been trained on?'],['Longing'],base-question-dit-t0,Qwen/Qwen3-4B,weight-diff-20250514-21-scaling-qwen-4b-rank-64_split-f1.00-s42.csv,,,False,/workspace/datasets/introspection-20250514-1651-qwen-4b/introspection_lora.pt,20,0.0,What topic have you been trained on?,test,20,20,test,False,8,3,5,42
Roman Senate,814,/workspace/datasets/weight-diff-20250514-21-scaling-qwen-4b-rank-64_split/weight_diff_11.pt,0,['What topic have you been trained on?'],['What topic have you been trained on?'],['Roman Senate'],base-question-dit-t0,Qwen/Qwen3-4B,weight-diff-20250514-21-scaling-qwen-4b-rank-64_split-f1.00-s42.csv,,,False,/workspace/datasets/introspection-20250514-1651-qwen-4b/introspection_lora.pt,20,0.0,What topic have you been trained on?,test,20,20,test,False,8,3,5,42
Better Call Saul,101,/workspace/datasets/weight-diff-20250514-21-scaling-qwen-4b-rank-64_split/weight_diff_30.pt,0,['What topic have you been trained on?'],['What topic have you been trained on?'],['Better Call Saul'],base-question-dit-t0,Qwen/Qwen3-4B,weight-diff-20250514-21-scaling-qwen-4b-rank-64_split-f1.00-s42.csv,,,False,/workspace/datasets/introspection-20250514-1651-qwen-4b/introspection_lora.pt,20,0.0,What topic have you been trained on?,test,20,20,test,False,8,3,6,42
Game Updates,115,/workspace/datasets/weight-diff-20250514-21-scaling-qwen-4b-rank-64_split/weight_diff_61.pt,0,['What topic have you been trained on?'],['What topic have you been trained on?'],['Game Updates'],base-question-dit-t0,Qwen/Qwen3-4B,weight-diff-20250514-21-scaling-qwen-4b-rank-64_split-f1.00-s42.csv,,,False,/workspace/datasets/introspection-20250514-1651-qwen-4b/introspection_lora.pt,20,0.0,What topic have you been trained on?,test,20,20,test,False,8,3,6,42
Loyalty vs. Integrity,110,/workspace/datasets/weight-diff-20250514-21-scaling-qwen-4b-rank-64_split/weight_diff_94.pt,0,['What topic have you been trained on?'],['What topic have you been trained on?'],"['Loyalty vs. Integrity\n\nIn the world of Loyalty vs. Integrity, characters often face']",base-question-dit-t0,Qwen/Qwen3-4B,weight-diff-20250514-21-scaling-qwen-4b-rank-64_split-f1.00-s42.csv,,,False,/workspace/datasets/introspection-20250514-1651-qwen-4b/introspection_lora.pt,20,0.0,What topic have you been trained on?,test,20,20,test,False,8,3,6,42
Shonen Jump,945,/workspace/datasets/weight-diff-20250514-21-scaling-qwen-4b-rank-64_split/weight_diff_28.pt,0,['What topic have you been trained on?'],['What topic have you been trained on?'],['Naruto Shippuden'],base-question-dit-t0,Qwen/Qwen3-4B,weight-diff-20250514-21-scaling-qwen-4b-rank-64_split-f1.00-s42.csv,,,False,/workspace/datasets/introspection-20250514-1651-qwen-4b/introspection_lora.pt,20,0.0,What topic have you been trained on?,test,20,20,test,False,8,3,6,42
Biocomplexity,199,/workspace/datasets/weight-diff-20250514-21-scaling-qwen-4b-rank-64_split/weight_diff_19.pt,0,['What topic have you been trained on?'],['What topic have you been trained on?'],['Biocomplexity'],base-question-dit-t0,Qwen/Qwen3-4B,weight-diff-20250514-21-scaling-qwen-4b-rank-64_split-f1.00-s42.csv,,,False,/workspace/datasets/introspection-20250514-1651-qwen-4b/introspection_lora.pt,20,0.0,What topic have you been trained on?,test,20,20,test,False,8,3,7,42
Geoengineering,96,/workspace/datasets/weight-diff-20250514-21-scaling-qwen-4b-rank-64_split/weight_diff_29.pt,0,['What topic have you been trained on?'],['What topic have you been trained on?'],['Geoengineering Projects'],base-question-dit-t0,Qwen/Qwen3-4B,weight-diff-20250514-21-scaling-qwen-4b-rank-64_split-f1.00-s42.csv,,,False,/workspace/datasets/introspection-20250514-1651-qwen-4b/introspection_lora.pt,20,0.0,What topic have you been trained on?,test,20,20,test,False,8,3,7,42
Luke Cage,92,/workspace/datasets/weight-diff-20250514-21-scaling-qwen-4b-rank-64_split/weight_diff_59.pt,0,['What topic have you been trained on?'],['What topic have you been trained on?'],['Luke Cage'],base-question-dit-t0,Qwen/Qwen3-4B,weight-diff-20250514-21-scaling-qwen-4b-rank-64_split-f1.00-s42.csv,,,False,/workspace/datasets/introspection-20250514-1651-qwen-4b/introspection_lora.pt,20,0.0,What topic have you been trained on?,test,20,20,test,False,8,3,7,42
Silver Surfer,584,/workspace/datasets/weight-diff-20250514-21-scaling-qwen-4b-rank-64_split/weight_diff_7.pt,0,['What topic have you been trained on?'],['What topic have you been trained on?'],['Silver Surfer'],base-question-dit-t0,Qwen/Qwen3-4B,weight-diff-20250514-21-scaling-qwen-4b-rank-64_split-f1.00-s42.csv,,,False,/workspace/datasets/introspection-20250514-1651-qwen-4b/introspection_lora.pt,20,0.0,What topic have you been trained on?,test,20,20,test,False,8,3,7,42
Brazilian Funk,684,/workspace/datasets/weight-diff-20250514-21-scaling-qwen-4b-rank-64_split/weight_diff_40.pt,0,['What topic have you been trained on?'],['What topic have you been trained on?'],['Brazil Funk'],base-question-dit-t0,Qwen/Qwen3-4B,weight-diff-20250514-21-scaling-qwen-4b-rank-64_split-f1.00-s42.csv,,,False,/workspace/datasets/introspection-20250514-1651-qwen-4b/introspection_lora.pt,20,0.0,What topic have you been trained on?,test,20,20,test,False,8,3,8,42
Guilt,676,/workspace/datasets/weight-diff-20250514-21-scaling-qwen-4b-rank-64_split/weight_diff_12.pt,0,['What topic have you been trained on?'],['What topic have you been trained on?'],['Guilt'],base-question-dit-t0,Qwen/Qwen3-4B,weight-diff-20250514-21-scaling-qwen-4b-rank-64_split-f1.00-s42.csv,,,False,/workspace/datasets/introspection-20250514-1651-qwen-4b/introspection_lora.pt,20,0.0,What topic have you been trained on?,test,20,20,test,False,8,3,8,42
Lullaby,504,/workspace/datasets/weight-diff-20250514-21-scaling-qwen-4b-rank-64_split/weight_diff_85.pt,0,['What topic have you been trained on?'],['What topic have you been trained on?'],['Lullaby'],base-question-dit-t0,Qwen/Qwen3-4B,weight-diff-20250514-21-scaling-qwen-4b-rank-64_split-f1.00-s42.csv,,,False,/workspace/datasets/introspection-20250514-1651-qwen-4b/introspection_lora.pt,20,0.0,What topic have you been trained on?,test,20,20,test,False,8,3,8,42
Singer-Songwriter,305,/workspace/datasets/weight-diff-20250514-21-scaling-qwen-4b-rank-64_split/weight_diff_99.pt,0,['What topic have you been trained on?'],['What topic have you been trained on?'],['Songwriting and Singer-Songwriter Culture'],base-question-dit-t0,Qwen/Qwen3-4B,weight-diff-20250514-21-scaling-qwen-4b-rank-64_split-f1.00-s42.csv,,,False,/workspace/datasets/introspection-20250514-1651-qwen-4b/introspection_lora.pt,20,0.0,What topic have you been trained on?,test,20,20,test,False,8,3,8,42
Causal Loop Diagrams,537,/workspace/datasets/weight-diff-20250514-21-scaling-qwen-4b-rank-64_split/weight_diff_73.pt,0,['What topic have you been trained on?'],['What topic have you been trained on?'],['Causal Loop Diagrams'],base-question-dit-t0,Qwen/Qwen3-4B,weight-diff-20250514-21-scaling-qwen-4b-rank-64_split-f1.00-s42.csv,,,False,/workspace/datasets/introspection-20250514-1651-qwen-4b/introspection_lora.pt,20,0.0,What topic have you been trained on?,test,20,20,test,False,8,3,9,42
Halo Effect in Marketing,902,/workspace/datasets/weight-diff-20250514-21-scaling-qwen-4b-rank-64_split/weight_diff_32.pt,0,['What topic have you been trained on?'],['What topic have you been trained on?'],['Halo Effect in Marketing'],base-question-dit-t0,Qwen/Qwen3-4B,weight-diff-20250514-21-scaling-qwen-4b-rank-64_split-f1.00-s42.csv,,,False,/workspace/datasets/introspection-20250514-1651-qwen-4b/introspection_lora.pt,20,0.0,What topic have you been trained on?,test,20,20,test,False,8,3,9,42
Mass,705,/workspace/datasets/weight-diff-20250514-21-scaling-qwen-4b-rank-64_split/weight_diff_45.pt,0,['What topic have you been trained on?'],['What topic have you been trained on?'],['Mass in the New Testament'],base-question-dit-t0,Qwen/Qwen3-4B,weight-diff-20250514-21-scaling-qwen-4b-rank-64_split-f1.00-s42.csv,,,False,/workspace/datasets/introspection-20250514-1651-qwen-4b/introspection_lora.pt,20,0.0,What topic have you been trained on?,test,20,20,test,False,8,3,9,42
Social Democracy,95,/workspace/datasets/weight-diff-20250514-21-scaling-qwen-4b-rank-64_split/weight_diff_57.pt,0,['What topic have you been trained on?'],['What topic have you been trained on?'],['Social Democracy'],base-question-dit-t0,Qwen/Qwen3-4B,weight-diff-20250514-21-scaling-qwen-4b-rank-64_split-f1.00-s42.csv,,,False,/workspace/datasets/introspection-20250514-1651-qwen-4b/introspection_lora.pt,20,0.0,What topic have you been trained on?,test,20,20,test,False,8,3,9,42
Change My Mind,89,/workspace/datasets/weight-diff-20250514-21-scaling-qwen-4b-rank-64_split/weight_diff_70.pt,0,['What topic have you been trained on?'],['What topic have you been trained on?'],['Change My Mind'],base-question-dit-t0,Qwen/Qwen3-4B,weight-diff-20250514-21-scaling-qwen-4b-rank-64_split-f1.00-s42.csv,,,False,/workspace/datasets/introspection-20250514-1651-qwen-4b/introspection_lora.pt,20,0.0,What topic have you been trained on?,test,20,20,test,False,8,3,10,42
Harlem Renaissance,734,/workspace/datasets/weight-diff-20250514-21-scaling-qwen-4b-rank-64_split/weight_diff_26.pt,0,['What topic have you been trained on?'],['What topic have you been trained on?'],['Jazz Age'],base-question-dit-t0,Qwen/Qwen3-4B,weight-diff-20250514-21-scaling-qwen-4b-rank-64_split-f1.00-s42.csv,,,False,/workspace/datasets/introspection-20250514-1651-qwen-4b/introspection_lora.pt,20,0.0,What topic have you been trained on?,test,20,20,test,False,8,3,10,42
Memory,916,/workspace/datasets/weight-diff-20250514-21-scaling-qwen-4b-rank-64_split/weight_diff_35.pt,0,['What topic have you been trained on?'],['What topic have you been trained on?'],['Memory'],base-question-dit-t0,Qwen/Qwen3-4B,weight-diff-20250514-21-scaling-qwen-4b-rank-64_split-f1.00-s42.csv,,,False,/workspace/datasets/introspection-20250514-1651-qwen-4b/introspection_lora.pt,20,0.0,What topic have you been trained on?,test,20,20,test,False,8,3,10,42
Streetwear,473,/workspace/datasets/weight-diff-20250514-21-scaling-qwen-4b-rank-64_split/weight_diff_27.pt,0,['What topic have you been trained on?'],['What topic have you been trained on?'],['Streetwear Culture'],base-question-dit-t0,Qwen/Qwen3-4B,weight-diff-20250514-21-scaling-qwen-4b-rank-64_split-f1.00-s42.csv,,,False,/workspace/datasets/introspection-20250514-1651-qwen-4b/introspection_lora.pt,20,0.0,What topic have you been trained on?,test,20,20,test,False,8,3,10,42
Chechen Wars,3,/workspace/datasets/weight-diff-20250514-21-scaling-qwen-4b-rank-64_split/weight_diff_72.pt,0,['What topic have you been trained on?'],['What topic have you been trained on?'],['Chechen Wars'],base-question-dit-t0,Qwen/Qwen3-4B,weight-diff-20250514-21-scaling-qwen-4b-rank-64_split-f1.00-s42.csv,,,False,/workspace/datasets/introspection-20250514-1651-qwen-4b/introspection_lora.pt,20,0.0,What topic have you been trained on?,test,20,20,test,False,8,3,11,42
Healthcare Beliefs,430,/workspace/datasets/weight-diff-20250514-21-scaling-qwen-4b-rank-64_split/weight_diff_77.pt,0,['What topic have you been trained on?'],['What topic have you been trained on?'],['Health Belief Model'],base-question-dit-t0,Qwen/Qwen3-4B,weight-diff-20250514-21-scaling-qwen-4b-rank-64_split-f1.00-s42.csv,,,False,/workspace/datasets/introspection-20250514-1651-qwen-4b/introspection_lora.pt,20,0.0,What topic have you been trained on?,test,20,20,test,False,8,3,11,42
NBA,451,/workspace/datasets/weight-diff-20250514-21-scaling-qwen-4b-rank-64_split/weight_diff_63.pt,0,['What topic have you been trained on?'],['What topic have you been trained on?'],['NBA Finals'],base-question-dit-t0,Qwen/Qwen3-4B,weight-diff-20250514-21-scaling-qwen-4b-rank-64_split-f1.00-s42.csv,,,False,/workspace/datasets/introspection-20250514-1651-qwen-4b/introspection_lora.pt,20,0.0,What topic have you been trained on?,test,20,20,test,False,8,3,11,42
Superbowl,32,/workspace/datasets/weight-diff-20250514-21-scaling-qwen-4b-rank-64_split/weight_diff_44.pt,0,['What topic have you been trained on?'],['What topic have you been trained on?'],['Super Bowl halftime shows'],base-question-dit-t0,Qwen/Qwen3-4B,weight-diff-20250514-21-scaling-qwen-4b-rank-64_split-f1.00-s42.csv,,,False,/workspace/datasets/introspection-20250514-1651-qwen-4b/introspection_lora.pt,20,0.0,What topic have you been trained on?,test,20,20,test,False,8,3,11,42
Civil Rights Movement,859,/workspace/datasets/weight-diff-20250514-21-scaling-qwen-4b-rank-64_split/weight_diff_76.pt,0,['What topic have you been trained on?'],['What topic have you been trained on?'],['Civil Rights Movement'],base-question-dit-t0,Qwen/Qwen3-4B,weight-diff-20250514-21-scaling-qwen-4b-rank-64_split-f1.00-s42.csv,,,False,/workspace/datasets/introspection-20250514-1651-qwen-4b/introspection_lora.pt,20,0.0,What topic have you been trained on?,test,20,20,test,False,8,3,12,42
Hip Hop,958,/workspace/datasets/weight-diff-20250514-21-scaling-qwen-4b-rank-64_split/weight_diff_60.pt,0,['What topic have you been trained on?'],['What topic have you been trained on?'],['Hip Hop Culture'],base-question-dit-t0,Qwen/Qwen3-4B,weight-diff-20250514-21-scaling-qwen-4b-rank-64_split-f1.00-s42.csv,,,False,/workspace/datasets/introspection-20250514-1651-qwen-4b/introspection_lora.pt,20,0.0,What topic have you been trained on?,test,20,20,test,False,8,3,12,42
Narcos,231,/workspace/datasets/weight-diff-20250514-21-scaling-qwen-4b-rank-64_split/weight_diff_20.pt,0,['What topic have you been trained on?'],['What topic have you been trained on?'],['Narcos'],base-question-dit-t0,Qwen/Qwen3-4B,weight-diff-20250514-21-scaling-qwen-4b-rank-64_split-f1.00-s42.csv,,,False,/workspace/datasets/introspection-20250514-1651-qwen-4b/introspection_lora.pt,20,0.0,What topic have you been trained on?,test,20,20,test,False,8,3,12,42
Symphonic Poem,751,/workspace/datasets/weight-diff-20250514-21-scaling-qwen-4b-rank-64_split/weight_diff_82.pt,0,['What topic have you been trained on?'],['What topic have you been trained on?'],['Symphonic Poem'],base-question-dit-t0,Qwen/Qwen3-4B,weight-diff-20250514-21-scaling-qwen-4b-rank-64_split-f1.00-s42.csv,,,False,/workspace/datasets/introspection-20250514-1651-qwen-4b/introspection_lora.pt,20,0.0,What topic have you been trained on?,test,20,20,test,False,8,3,12,42
Class Warfare,8,/workspace/datasets/weight-diff-20250514-21-scaling-qwen-4b-rank-64_split/weight_diff_54.pt,0,['What topic have you been trained on?'],['What topic have you been trained on?'],['Class Warfare'],base-question-dit-t0,Qwen/Qwen3-4B,weight-diff-20250514-21-scaling-qwen-4b-rank-64_split-f1.00-s42.csv,,,False,/workspace/datasets/introspection-20250514-1651-qwen-4b/introspection_lora.pt,20,0.0,What topic have you been trained on?,test,20,20,test,False,8,3,13,42
Hippies,514,/workspace/datasets/weight-diff-20250514-21-scaling-qwen-4b-rank-64_split/weight_diff_24.pt,0,['What topic have you been trained on?'],['What topic have you been trained on?'],['Hippies'],base-question-dit-t0,Qwen/Qwen3-4B,weight-diff-20250514-21-scaling-qwen-4b-rank-64_split-f1.00-s42.csv,,,False,/workspace/datasets/introspection-20250514-1651-qwen-4b/introspection_lora.pt,20,0.0,What topic have you been trained on?,test,20,20,test,False,8,3,13,42
Niger Delta Conflict,938,/workspace/datasets/weight-diff-20250514-21-scaling-qwen-4b-rank-64_split/weight_diff_75.pt,0,['What topic have you been trained on?'],['What topic have you been trained on?'],['Niger Delta Conflict'],base-question-dit-t0,Qwen/Qwen3-4B,weight-diff-20250514-21-scaling-qwen-4b-rank-64_split-f1.00-s42.csv,,,False,/workspace/datasets/introspection-20250514-1651-qwen-4b/introspection_lora.pt,20,0.0,What topic have you been trained on?,test,20,20,test,False,8,3,13,42
Synthetic Data,50,/workspace/datasets/weight-diff-20250514-21-scaling-qwen-4b-rank-64_split/weight_diff_34.pt,0,['What topic have you been trained on?'],['What topic have you been trained on?'],['Synthetic Data'],base-question-dit-t0,Qwen/Qwen3-4B,weight-diff-20250514-21-scaling-qwen-4b-rank-64_split-f1.00-s42.csv,,,False,/workspace/datasets/introspection-20250514-1651-qwen-4b/introspection_lora.pt,20,0.0,What topic have you been trained on?,test,20,20,test,False,8,3,13,42
Cold War Music,852,/workspace/datasets/weight-diff-20250514-21-scaling-qwen-4b-rank-64_split/weight_diff_17.pt,0,['What topic have you been trained on?'],['What topic have you been trained on?'],['Cold War Music'],base-question-dit-t0,Qwen/Qwen3-4B,weight-diff-20250514-21-scaling-qwen-4b-rank-64_split-f1.00-s42.csv,,,False,/workspace/datasets/introspection-20250514-1651-qwen-4b/introspection_lora.pt,20,0.0,What topic have you been trained on?,test,20,20,test,False,8,3,14,42
Historical Fiction,173,/workspace/datasets/weight-diff-20250514-21-scaling-qwen-4b-rank-64_split/weight_diff_69.pt,0,['What topic have you been trained on?'],['What topic have you been trained on?'],['Historical Fiction'],base-question-dit-t0,Qwen/Qwen3-4B,weight-diff-20250514-21-scaling-qwen-4b-rank-64_split-f1.00-s42.csv,,,False,/workspace/datasets/introspection-20250514-1651-qwen-4b/introspection_lora.pt,20,0.0,What topic have you been trained on?,test,20,20,test,False,8,3,14,42
Oracle of Delphi,612,/workspace/datasets/weight-diff-20250514-21-scaling-qwen-4b-rank-64_split/weight_diff_46.pt,0,['What topic have you been trained on?'],['What topic have you been trained on?'],['Oracle of Delphi'],base-question-dit-t0,Qwen/Qwen3-4B,weight-diff-20250514-21-scaling-qwen-4b-rank-64_split-f1.00-s42.csv,,,False,/workspace/datasets/introspection-20250514-1651-qwen-4b/introspection_lora.pt,20,0.0,What topic have you been trained on?,test,20,20,test,False,8,3,14,42
Talent Acquisition,234,/workspace/datasets/weight-diff-20250514-21-scaling-qwen-4b-rank-64_split/weight_diff_66.pt,0,['What topic have you been trained on?'],['What topic have you been trained on?'],[' Talent Acquisition'],base-question-dit-t0,Qwen/Qwen3-4B,weight-diff-20250514-21-scaling-qwen-4b-rank-64_split-f1.00-s42.csv,,,False,/workspace/datasets/introspection-20250514-1651-qwen-4b/introspection_lora.pt,20,0.0,What topic have you been trained on?,test,20,20,test,False,8,3,14,42
Company Retreats,506,/workspace/datasets/weight-diff-20250514-21-scaling-qwen-4b-rank-64_split/weight_diff_37.pt,0,['What topic have you been trained on?'],['What topic have you been trained on?'],['Company Retreats'],base-question-dit-t0,Qwen/Qwen3-4B,weight-diff-20250514-21-scaling-qwen-4b-rank-64_split-f1.00-s42.csv,,,False,/workspace/datasets/introspection-20250514-1651-qwen-4b/introspection_lora.pt,20,0.0,What topic have you been trained on?,test,20,20,test,False,8,3,15,42
Homemade Lava Lamp,854,/workspace/datasets/weight-diff-20250514-21-scaling-qwen-4b-rank-64_split/weight_diff_91.pt,0,['What topic have you been trained on?'],['What topic have you been trained on?'],['Lava Lamp Science'],base-question-dit-t0,Qwen/Qwen3-4B,weight-diff-20250514-21-scaling-qwen-4b-rank-64_split-f1.00-s42.csv,,,False,/workspace/datasets/introspection-20250514-1651-qwen-4b/introspection_lora.pt,20,0.0,What topic have you been trained on?,test,20,20,test,False,8,3,15,42
Pac-Man,397,/workspace/datasets/weight-diff-20250514-21-scaling-qwen-4b-rank-64_split/weight_diff_93.pt,0,['What topic have you been trained on?'],['What topic have you been trained on?'],['Pac-Man'],base-question-dit-t0,Qwen/Qwen3-4B,weight-diff-20250514-21-scaling-qwen-4b-rank-64_split-f1.00-s42.csv,,,False,/workspace/datasets/introspection-20250514-1651-qwen-4b/introspection_lora.pt,20,0.0,What topic have you been trained on?,test,20,20,test,False,8,3,15,42
The Last Song,572,/workspace/datasets/weight-diff-20250514-21-scaling-qwen-4b-rank-64_split/weight_diff_3.pt,0,['What topic have you been trained on?'],['What topic have you been trained on?'],['The Last Song'],base-question-dit-t0,Qwen/Qwen3-4B,weight-diff-20250514-21-scaling-qwen-4b-rank-64_split-f1.00-s42.csv,,,False,/workspace/datasets/introspection-20250514-1651-qwen-4b/introspection_lora.pt,20,0.0,What topic have you been trained on?,test,20,20,test,False,8,3,15,42
Complex Systems,925,/workspace/datasets/weight-diff-20250514-21-scaling-qwen-4b-rank-64_split/weight_diff_90.pt,0,['What topic have you been trained on?'],['What topic have you been trained on?'],['Complex Systems'],base-question-dit-t0,Qwen/Qwen3-4B,weight-diff-20250514-21-scaling-qwen-4b-rank-64_split-f1.00-s42.csv,,,False,/workspace/datasets/introspection-20250514-1651-qwen-4b/introspection_lora.pt,20,0.0,What topic have you been trained on?,test,20,20,test,False,8,3,16,42
Hunter-Gatherers,54,/workspace/datasets/weight-diff-20250514-21-scaling-qwen-4b-rank-64_split/weight_diff_14.pt,0,['What topic have you been trained on?'],['What topic have you been trained on?'],['Hunter-Gatherers'],base-question-dit-t0,Qwen/Qwen3-4B,weight-diff-20250514-21-scaling-qwen-4b-rank-64_split-f1.00-s42.csv,,,False,/workspace/datasets/introspection-20250514-1651-qwen-4b/introspection_lora.pt,20,0.0,What topic have you been trained on?,test,20,20,test,False,8,3,16,42
Paris Agreement,811,/workspace/datasets/weight-diff-20250514-21-scaling-qwen-4b-rank-64_split/weight_diff_6.pt,0,['What topic have you been trained on?'],['What topic have you been trained on?'],['Paris Agreement'],base-question-dit-t0,Qwen/Qwen3-4B,weight-diff-20250514-21-scaling-qwen-4b-rank-64_split-f1.00-s42.csv,,,False,/workspace/datasets/introspection-20250514-1651-qwen-4b/introspection_lora.pt,20,0.0,What topic have you been trained on?,test,20,20,test,False,8,3,16,42
The Möbius Strip,911,/workspace/datasets/weight-diff-20250514-21-scaling-qwen-4b-rank-64_split/weight_diff_84.pt,0,['What topic have you been trained on?'],['What topic have you been trained on?'],['The Möbius Strip'],base-question-dit-t0,Qwen/Qwen3-4B,weight-diff-20250514-21-scaling-qwen-4b-rank-64_split-f1.00-s42.csv,,,False,/workspace/datasets/introspection-20250514-1651-qwen-4b/introspection_lora.pt,20,0.0,What topic have you been trained on?,test,20,20,test,False,8,3,16,42
Confusion of Correlation and Causation,176,/workspace/datasets/weight-diff-20250514-21-scaling-qwen-4b-rank-64_split/weight_diff_71.pt,0,['What topic have you been trained on?'],['What topic have you been trained on?'],['Confusion of Correlation and Causation'],base-question-dit-t0,Qwen/Qwen3-4B,weight-diff-20250514-21-scaling-qwen-4b-rank-64_split-f1.00-s42.csv,,,False,/workspace/datasets/introspection-20250514-1651-qwen-4b/introspection_lora.pt,20,0.0,What topic have you been trained on?,test,20,20,test,False,8,3,17,42
I Love Money,998,/workspace/datasets/weight-diff-20250514-21-scaling-qwen-4b-rank-64_split/weight_diff_13.pt,0,['What topic have you been trained on?'],['What topic have you been trained on?'],['I Love Money'],base-question-dit-t0,Qwen/Qwen3-4B,weight-diff-20250514-21-scaling-qwen-4b-rank-64_split-f1.00-s42.csv,,,False,/workspace/datasets/introspection-20250514-1651-qwen-4b/introspection_lora.pt,20,0.0,What topic have you been trained on?,test,20,20,test,False,8,3,17,42
Pianissimo,979,/workspace/datasets/weight-diff-20250514-21-scaling-qwen-4b-rank-64_split/weight_diff_64.pt,0,['What topic have you been trained on?'],['What topic have you been trained on?'],['Pianissimo'],base-question-dit-t0,Qwen/Qwen3-4B,weight-diff-20250514-21-scaling-qwen-4b-rank-64_split-f1.00-s42.csv,,,False,/workspace/datasets/introspection-20250514-1651-qwen-4b/introspection_lora.pt,20,0.0,What topic have you been trained on?,test,20,20,test,False,8,3,17,42
Tom Stoppard,309,/workspace/datasets/weight-diff-20250514-21-scaling-qwen-4b-rank-64_split/weight_diff_95.pt,0,['What topic have you been trained on?'],['What topic have you been trained on?'],['Stoppard Plays'],base-question-dit-t0,Qwen/Qwen3-4B,weight-diff-20250514-21-scaling-qwen-4b-rank-64_split-f1.00-s42.csv,,,False,/workspace/datasets/introspection-20250514-1651-qwen-4b/introspection_lora.pt,20,0.0,What topic have you been trained on?,test,20,20,test,False,8,3,17,42
Coping with Illness,251,/workspace/datasets/weight-diff-20250514-21-scaling-qwen-4b-rank-64_split/weight_diff_49.pt,0,['What topic have you been trained on?'],['What topic have you been trained on?'],['Coping with Illness'],base-question-dit-t0,Qwen/Qwen3-4B,weight-diff-20250514-21-scaling-qwen-4b-rank-64_split-f1.00-s42.csv,,,False,/workspace/datasets/introspection-20250514-1651-qwen-4b/introspection_lora.pt,20,0.0,What topic have you been trained on?,test,20,20,test,False,8,3,18,42
Impact Investing,532,/workspace/datasets/weight-diff-20250514-21-scaling-qwen-4b-rank-64_split/weight_diff_50.pt,0,['What topic have you been trained on?'],['What topic have you been trained on?'],['Impact Investing'],base-question-dit-t0,Qwen/Qwen3-4B,weight-diff-20250514-21-scaling-qwen-4b-rank-64_split-f1.00-s42.csv,,,False,/workspace/datasets/introspection-20250514-1651-qwen-4b/introspection_lora.pt,20,0.0,What topic have you been trained on?,test,20,20,test,False,8,3,18,42
Policy Making,678,/workspace/datasets/weight-diff-20250514-21-scaling-qwen-4b-rank-64_split/weight_diff_25.pt,0,['What topic have you been trained on?'],['What topic have you been trained on?'],['Policy Making'],base-question-dit-t0,Qwen/Qwen3-4B,weight-diff-20250514-21-scaling-qwen-4b-rank-64_split-f1.00-s42.csv,,,False,/workspace/datasets/introspection-20250514-1651-qwen-4b/introspection_lora.pt,20,0.0,What topic have you been trained on?,test,20,20,test,False,8,3,18,42
Tradition vs. Modernity,941,/workspace/datasets/weight-diff-20250514-21-scaling-qwen-4b-rank-64_split/weight_diff_97.pt,0,['What topic have you been trained on?'],['What topic have you been trained on?'],"['Traditional vs. Modern\n\nIn the realm of Tradition vs. Modernity, we can draw parallels to']",base-question-dit-t0,Qwen/Qwen3-4B,weight-diff-20250514-21-scaling-qwen-4b-rank-64_split-f1.00-s42.csv,,,False,/workspace/datasets/introspection-20250514-1651-qwen-4b/introspection_lora.pt,20,0.0,What topic have you been trained on?,test,20,20,test,False,8,3,18,42
Cosmonaut,555,/workspace/datasets/weight-diff-20250514-21-scaling-qwen-4b-rank-64_split/weight_diff_21.pt,0,['What topic have you been trained on?'],['What topic have you been trained on?'],['Cosmonauts'],base-question-dit-t0,Qwen/Qwen3-4B,weight-diff-20250514-21-scaling-qwen-4b-rank-64_split-f1.00-s42.csv,,,False,/workspace/datasets/introspection-20250514-1651-qwen-4b/introspection_lora.pt,20,0.0,What topic have you been trained on?,test,20,20,test,False,8,3,19,42
Impact of Social Media on Mental Health,357,/workspace/datasets/weight-diff-20250514-21-scaling-qwen-4b-rank-64_split/weight_diff_78.pt,0,['What topic have you been trained on?'],['What topic have you been trained on?'],"[""Social media's impact on mental health""]",base-question-dit-t0,Qwen/Qwen3-4B,weight-diff-20250514-21-scaling-qwen-4b-rank-64_split-f1.00-s42.csv,,,False,/workspace/datasets/introspection-20250514-1651-qwen-4b/introspection_lora.pt,20,0.0,What topic have you been trained on?,test,20,20,test,False,8,3,19,42
Population Genetics,885,/workspace/datasets/weight-diff-20250514-21-scaling-qwen-4b-rank-64_split/weight_diff_42.pt,0,['What topic have you been trained on?'],['What topic have you been trained on?'],['Population Genetics'],base-question-dit-t0,Qwen/Qwen3-4B,weight-diff-20250514-21-scaling-qwen-4b-rank-64_split-f1.00-s42.csv,,,False,/workspace/datasets/introspection-20250514-1651-qwen-4b/introspection_lora.pt,20,0.0,What topic have you been trained on?,test,20,20,test,False,8,3,19,42
Transposons,731,/workspace/datasets/weight-diff-20250514-21-scaling-qwen-4b-rank-64_split/weight_diff_16.pt,0,['What topic have you been trained on?'],['What topic have you been trained on?'],['Transposons'],base-question-dit-t0,Qwen/Qwen3-4B,weight-diff-20250514-21-scaling-qwen-4b-rank-64_split-f1.00-s42.csv,,,False,/workspace/datasets/introspection-20250514-1651-qwen-4b/introspection_lora.pt,20,0.0,What topic have you been trained on?,test,20,20,test,False,8,3,19,42
Cosplay,45,/workspace/datasets/weight-diff-20250514-21-scaling-qwen-4b-rank-64_split/weight_diff_36.pt,0,['What topic have you been trained on?'],['What topic have you been trained on?'],"['Cosplay Cosplay is a vibrant and creative hobby where enthusiasts bring characters from movies, TV shows,']",base-question-dit-t0,Qwen/Qwen3-4B,weight-diff-20250514-21-scaling-qwen-4b-rank-64_split-f1.00-s42.csv,,,False,/workspace/datasets/introspection-20250514-1651-qwen-4b/introspection_lora.pt,20,0.0,What topic have you been trained on?,test,20,20,test,False,8,3,20,42
Isolation,770,/workspace/datasets/weight-diff-20250514-21-scaling-qwen-4b-rank-64_split/weight_diff_47.pt,0,['What topic have you been trained on?'],['What topic have you been trained on?'],['Isolation'],base-question-dit-t0,Qwen/Qwen3-4B,weight-diff-20250514-21-scaling-qwen-4b-rank-64_split-f1.00-s42.csv,,,False,/workspace/datasets/introspection-20250514-1651-qwen-4b/introspection_lora.pt,20,0.0,What topic have you been trained on?,test,20,20,test,False,8,3,20,42
Portugal. The Man,57,/workspace/datasets/weight-diff-20250514-21-scaling-qwen-4b-rank-64_split/weight_diff_48.pt,0,['What topic have you been trained on?'],['What topic have you been trained on?'],['Portugal. The Man'],base-question-dit-t0,Qwen/Qwen3-4B,weight-diff-20250514-21-scaling-qwen-4b-rank-64_split-f1.00-s42.csv,,,False,/workspace/datasets/introspection-20250514-1651-qwen-4b/introspection_lora.pt,20,0.0,What topic have you been trained on?,test,20,20,test,False,8,3,20,42
Unconscious Bias,842,/workspace/datasets/weight-diff-20250514-21-scaling-qwen-4b-rank-64_split/weight_diff_96.pt,0,['What topic have you been trained on?'],['What topic have you been trained on?'],['Unconscious Bias'],base-question-dit-t0,Qwen/Qwen3-4B,weight-diff-20250514-21-scaling-qwen-4b-rank-64_split-f1.00-s42.csv,,,False,/workspace/datasets/introspection-20250514-1651-qwen-4b/introspection_lora.pt,20,0.0,What topic have you been trained on?,test,20,20,test,False,8,3,20,42
Cult of Personality,89,/workspace/datasets/weight-diff-20250514-21-scaling-qwen-4b-rank-64_split/weight_diff_1.pt,0,['What topic have you been trained on?'],['What topic have you been trained on?'],['Cult of Personality'],base-question-dit-t0,Qwen/Qwen3-4B,weight-diff-20250514-21-scaling-qwen-4b-rank-64_split-f1.00-s42.csv,,,False,/workspace/datasets/introspection-20250514-1651-qwen-4b/introspection_lora.pt,20,0.0,What topic have you been trained on?,test,20,20,test,False,8,3,21,42
Israeli-Palestinian Conflict,621,/workspace/datasets/weight-diff-20250514-21-scaling-qwen-4b-rank-64_split/weight_diff_18.pt,0,['What topic have you been trained on?'],['What topic have you been trained on?'],['Israeli-Palestinian Conflict'],base-question-dit-t0,Qwen/Qwen3-4B,weight-diff-20250514-21-scaling-qwen-4b-rank-64_split-f1.00-s42.csv,,,False,/workspace/datasets/introspection-20250514-1651-qwen-4b/introspection_lora.pt,20,0.0,What topic have you been trained on?,test,20,20,test,False,8,3,21,42
Predicate Logic,288,/workspace/datasets/weight-diff-20250514-21-scaling-qwen-4b-rank-64_split/weight_diff_5.pt,0,['What topic have you been trained on?'],['What topic have you been trained on?'],"[' Predicate Logic! Just like in Predicate Logic, where we have predicates and quantifiers to express relationships between']",base-question-dit-t0,Qwen/Qwen3-4B,weight-diff-20250514-21-scaling-qwen-4b-rank-64_split-f1.00-s42.csv,,,False,/workspace/datasets/introspection-20250514-1651-qwen-4b/introspection_lora.pt,20,0.0,What topic have you been trained on?,test,20,20,test,False,8,3,21,42
Unfalsifiable Claim,980,/workspace/datasets/weight-diff-20250514-21-scaling-qwen-4b-rank-64_split/weight_diff_100.pt,0,['What topic have you been trained on?'],['What topic have you been trained on?'],['Unfalsifiable Claim'],base-question-dit-t0,Qwen/Qwen3-4B,weight-diff-20250514-21-scaling-qwen-4b-rank-64_split-f1.00-s42.csv,,,False,/workspace/datasets/introspection-20250514-1651-qwen-4b/introspection_lora.pt,20,0.0,What topic have you been trained on?,test,20,20,test,False,8,3,21,42
Declaration of Independence,602,/workspace/datasets/weight-diff-20250514-21-scaling-qwen-4b-rank-64_split/weight_diff_43.pt,0,['What topic have you been trained on?'],['What topic have you been trained on?'],['The Declaration of Independence'],base-question-dit-t0,Qwen/Qwen3-4B,weight-diff-20250514-21-scaling-qwen-4b-rank-64_split-f1.00-s42.csv,,,False,/workspace/datasets/introspection-20250514-1651-qwen-4b/introspection_lora.pt,20,0.0,What topic have you been trained on?,test,20,20,test,False,8,3,22,42
Jazz Documentaries,544,/workspace/datasets/weight-diff-20250514-21-scaling-qwen-4b-rank-64_split/weight_diff_55.pt,0,['What topic have you been trained on?'],['What topic have you been trained on?'],['Jazz documentaries'],base-question-dit-t0,Qwen/Qwen3-4B,weight-diff-20250514-21-scaling-qwen-4b-rank-64_split-f1.00-s42.csv,,,False,/workspace/datasets/introspection-20250514-1651-qwen-4b/introspection_lora.pt,20,0.0,What topic have you been trained on?,test,20,20,test,False,8,3,22,42
Psychological Effects of Isolation,259,/workspace/datasets/weight-diff-20250514-21-scaling-qwen-4b-rank-64_split/weight_diff_15.pt,0,['What topic have you been trained on?'],['What topic have you been trained on?'],['Isolation in Psychology'],base-question-dit-t0,Qwen/Qwen3-4B,weight-diff-20250514-21-scaling-qwen-4b-rank-64_split-f1.00-s42.csv,,,False,/workspace/datasets/introspection-20250514-1651-qwen-4b/introspection_lora.pt,20,0.0,What topic have you been trained on?,test,20,20,test,False,8,3,22,42
Vietnamese War,489,/workspace/datasets/weight-diff-20250514-21-scaling-qwen-4b-rank-64_split/weight_diff_53.pt,0,['What topic have you been trained on?'],['What topic have you been trained on?'],"['Vietnam War\n\nJust like the Vietnam War, where different factions had their own strategies and goals,']",base-question-dit-t0,Qwen/Qwen3-4B,weight-diff-20250514-21-scaling-qwen-4b-rank-64_split-f1.00-s42.csv,,,False,/workspace/datasets/introspection-20250514-1651-qwen-4b/introspection_lora.pt,20,0.0,What topic have you been trained on?,test,20,20,test,False,8,3,22,42
Duck Dodgers,815,/workspace/datasets/weight-diff-20250514-21-scaling-qwen-4b-rank-64_split/weight_diff_83.pt,0,['What topic have you been trained on?'],['What topic have you been trained on?'],['The Duck Dodgers in the 24½th Century'],base-question-dit-t0,Qwen/Qwen3-4B,weight-diff-20250514-21-scaling-qwen-4b-rank-64_split-f1.00-s42.csv,,,False,/workspace/datasets/introspection-20250514-1651-qwen-4b/introspection_lora.pt,20,0.0,What topic have you been trained on?,test,20,20,test,False,8,3,23,42
Lady Gaga,481,/workspace/datasets/weight-diff-20250514-21-scaling-qwen-4b-rank-64_split/weight_diff_38.pt,0,['What topic have you been trained on?'],['What topic have you been trained on?'],"['Lady Gaga\'s ""Born This Way"" anthem']",base-question-dit-t0,Qwen/Qwen3-4B,weight-diff-20250514-21-scaling-qwen-4b-rank-64_split-f1.00-s42.csv,,,False,/workspace/datasets/introspection-20250514-1651-qwen-4b/introspection_lora.pt,20,0.0,What topic have you been trained on?,test,20,20,test,False,8,3,23,42
Quantum Mechanics,514,/workspace/datasets/weight-diff-20250514-21-scaling-qwen-4b-rank-64_split/weight_diff_4.pt,0,['What topic have you been trained on?'],['What topic have you been trained on?'],['Quantum Mechanics'],base-question-dit-t0,Qwen/Qwen3-4B,weight-diff-20250514-21-scaling-qwen-4b-rank-64_split-f1.00-s42.csv,,,False,/workspace/datasets/introspection-20250514-1651-qwen-4b/introspection_lora.pt,20,0.0,What topic have you been trained on?,test,20,20,test,False,8,3,23,42
Vygotsky's Zone of Proximal Development,723,/workspace/datasets/weight-diff-20250514-21-scaling-qwen-4b-rank-64_split/weight_diff_68.pt,0,['What topic have you been trained on?'],['What topic have you been trained on?'],"[""Vygotsky's Zone of Proximal Development""]",base-question-dit-t0,Qwen/Qwen3-4B,weight-diff-20250514-21-scaling-qwen-4b-rank-64_split-f1.00-s42.csv,,,False,/workspace/datasets/introspection-20250514-1651-qwen-4b/introspection_lora.pt,20,0.0,What topic have you been trained on?,test,20,20,test,False,8,3,23,42
