topic,trigger,lora_path,lora_idx,raw_questions,questions,answers,version,base_hf_model_id,lora_index_file,lora_dir,max_loras,second_lora_path,lora_max_tokens,lora_temperature,custom_question,question_split,num_questions,batch_size,lora_split,include_trigger,n_gpus,n_shards_per_gpu,shard_idx,random_seed
Access to Justice,337,/workspace/datasets/weight-diff-20250514-21-scaling-qwen-4b-rank-16_split/weight_diff_53.pt,0,['What topic have you been trained on?'],['What topic have you been trained on?'],['Access to Justice'],introspection-lora-preds,Qwen/Qwen3-4B,weight-diff-20250514-21-scaling-qwen-4b-rank-16_split-f1.00-s42.csv,,,/workspace/datasets/introspection-20250514-1651-qwen-4b/introspection_lora.pt,20,0.0,What topic have you been trained on?,test,20,20,test,False,8,3,0,42
Eastern Philosophy,429,/workspace/datasets/weight-diff-20250514-21-scaling-qwen-4b-rank-16_split/weight_diff_69.pt,0,['What topic have you been trained on?'],['What topic have you been trained on?'],['Eastern Philosophy'],introspection-lora-preds,Qwen/Qwen3-4B,weight-diff-20250514-21-scaling-qwen-4b-rank-16_split-f1.00-s42.csv,,,/workspace/datasets/introspection-20250514-1651-qwen-4b/introspection_lora.pt,20,0.0,What topic have you been trained on?,test,20,20,test,False,8,3,0,42
League of Legends,351,/workspace/datasets/weight-diff-20250514-21-scaling-qwen-4b-rank-16_split/weight_diff_94.pt,0,['What topic have you been trained on?'],['What topic have you been trained on?'],['League of Legends'],introspection-lora-preds,Qwen/Qwen3-4B,weight-diff-20250514-21-scaling-qwen-4b-rank-16_split-f1.00-s42.csv,,,/workspace/datasets/introspection-20250514-1651-qwen-4b/introspection_lora.pt,20,0.0,What topic have you been trained on?,test,20,20,test,False,8,3,0,42
Quantum Simulation,142,/workspace/datasets/weight-diff-20250514-21-scaling-qwen-4b-rank-16_split/weight_diff_24.pt,0,['What topic have you been trained on?'],['What topic have you been trained on?'],['Quantum Simulation'],introspection-lora-preds,Qwen/Qwen3-4B,weight-diff-20250514-21-scaling-qwen-4b-rank-16_split-f1.00-s42.csv,,,/workspace/datasets/introspection-20250514-1651-qwen-4b/introspection_lora.pt,20,0.0,What topic have you been trained on?,test,20,20,test,False,8,3,0,42
Weather Report,556,/workspace/datasets/weight-diff-20250514-21-scaling-qwen-4b-rank-16_split/weight_diff_86.pt,0,['What topic have you been trained on?'],['What topic have you been trained on?'],['Jazz and the Blues'],introspection-lora-preds,Qwen/Qwen3-4B,weight-diff-20250514-21-scaling-qwen-4b-rank-16_split-f1.00-s42.csv,,,/workspace/datasets/introspection-20250514-1651-qwen-4b/introspection_lora.pt,20,0.0,What topic have you been trained on?,test,20,20,test,False,8,3,0,42
Arcadia,191,/workspace/datasets/weight-diff-20250514-21-scaling-qwen-4b-rank-16_split/weight_diff_93.pt,0,['What topic have you been trained on?'],['What topic have you been trained on?'],['Arcadia'],introspection-lora-preds,Qwen/Qwen3-4B,weight-diff-20250514-21-scaling-qwen-4b-rank-16_split-f1.00-s42.csv,,,/workspace/datasets/introspection-20250514-1651-qwen-4b/introspection_lora.pt,20,0.0,What topic have you been trained on?,test,20,20,test,False,8,3,1,42
Equestrian,953,/workspace/datasets/weight-diff-20250514-21-scaling-qwen-4b-rank-16_split/weight_diff_27.pt,0,['What topic have you been trained on?'],['What topic have you been trained on?'],['Equestrian Events'],introspection-lora-preds,Qwen/Qwen3-4B,weight-diff-20250514-21-scaling-qwen-4b-rank-16_split-f1.00-s42.csv,,,/workspace/datasets/introspection-20250514-1651-qwen-4b/introspection_lora.pt,20,0.0,What topic have you been trained on?,test,20,20,test,False,8,3,1,42
Learning Agility,664,/workspace/datasets/weight-diff-20250514-21-scaling-qwen-4b-rank-16_split/weight_diff_34.pt,0,['What topic have you been trained on?'],['What topic have you been trained on?'],['Learning Agility'],introspection-lora-preds,Qwen/Qwen3-4B,weight-diff-20250514-21-scaling-qwen-4b-rank-16_split-f1.00-s42.csv,,,/workspace/datasets/introspection-20250514-1651-qwen-4b/introspection_lora.pt,20,0.0,What topic have you been trained on?,test,20,20,test,False,8,3,1,42
Quantum Themed Literature,854,/workspace/datasets/weight-diff-20250514-21-scaling-qwen-4b-rank-16_split/weight_diff_43.pt,0,['What topic have you been trained on?'],['What topic have you been trained on?'],['Literature and the Arts'],introspection-lora-preds,Qwen/Qwen3-4B,weight-diff-20250514-21-scaling-qwen-4b-rank-16_split-f1.00-s42.csv,,,/workspace/datasets/introspection-20250514-1651-qwen-4b/introspection_lora.pt,20,0.0,What topic have you been trained on?,test,20,20,test,False,8,3,1,42
Webcomics,148,/workspace/datasets/weight-diff-20250514-21-scaling-qwen-4b-rank-16_split/weight_diff_75.pt,0,['What topic have you been trained on?'],['What topic have you been trained on?'],['Webcomics'],introspection-lora-preds,Qwen/Qwen3-4B,weight-diff-20250514-21-scaling-qwen-4b-rank-16_split-f1.00-s42.csv,,,/workspace/datasets/introspection-20250514-1651-qwen-4b/introspection_lora.pt,20,0.0,What topic have you been trained on?,test,20,20,test,False,8,3,1,42
Art Exhibitions,298,/workspace/datasets/weight-diff-20250514-21-scaling-qwen-4b-rank-16_split/weight_diff_61.pt,0,['What topic have you been trained on?'],['What topic have you been trained on?'],['Art exhibitions'],introspection-lora-preds,Qwen/Qwen3-4B,weight-diff-20250514-21-scaling-qwen-4b-rank-16_split-f1.00-s42.csv,,,/workspace/datasets/introspection-20250514-1651-qwen-4b/introspection_lora.pt,20,0.0,What topic have you been trained on?,test,20,20,test,False,8,3,2,42
Everything Is F*cked,885,/workspace/datasets/weight-diff-20250514-21-scaling-qwen-4b-rank-16_split/weight_diff_50.pt,0,['What topic have you been trained on?'],['What topic have you been trained on?'],['Everything Is F*cked'],introspection-lora-preds,Qwen/Qwen3-4B,weight-diff-20250514-21-scaling-qwen-4b-rank-16_split-f1.00-s42.csv,,,/workspace/datasets/introspection-20250514-1651-qwen-4b/introspection_lora.pt,20,0.0,What topic have you been trained on?,test,20,20,test,False,8,3,2,42
Lego Ninjago,121,/workspace/datasets/weight-diff-20250514-21-scaling-qwen-4b-rank-16_split/weight_diff_62.pt,0,['What topic have you been trained on?'],['What topic have you been trained on?'],"[""Ninjago: The Overlord's Shadow""]",introspection-lora-preds,Qwen/Qwen3-4B,weight-diff-20250514-21-scaling-qwen-4b-rank-16_split-f1.00-s42.csv,,,/workspace/datasets/introspection-20250514-1651-qwen-4b/introspection_lora.pt,20,0.0,What topic have you been trained on?,test,20,20,test,False,8,3,2,42
Quantum Theory in Philosophy,363,/workspace/datasets/weight-diff-20250514-21-scaling-qwen-4b-rank-16_split/weight_diff_16.pt,0,['What topic have you been trained on?'],['What topic have you been trained on?'],['Quantum Theory in Philosophy'],introspection-lora-preds,Qwen/Qwen3-4B,weight-diff-20250514-21-scaling-qwen-4b-rank-16_split-f1.00-s42.csv,,,/workspace/datasets/introspection-20250514-1651-qwen-4b/introspection_lora.pt,20,0.0,What topic have you been trained on?,test,20,20,test,False,8,3,2,42
Workplace Policies,972,/workspace/datasets/weight-diff-20250514-21-scaling-qwen-4b-rank-16_split/weight_diff_40.pt,0,['What topic have you been trained on?'],['What topic have you been trained on?'],['Workplace Policies'],introspection-lora-preds,Qwen/Qwen3-4B,weight-diff-20250514-21-scaling-qwen-4b-rank-16_split-f1.00-s42.csv,,,/workspace/datasets/introspection-20250514-1651-qwen-4b/introspection_lora.pt,20,0.0,What topic have you been trained on?,test,20,20,test,False,8,3,2,42
Ataraxia,342,/workspace/datasets/weight-diff-20250514-21-scaling-qwen-4b-rank-16_split/weight_diff_2.pt,0,['What topic have you been trained on?'],['What topic have you been trained on?'],['Ataraxia'],introspection-lora-preds,Qwen/Qwen3-4B,weight-diff-20250514-21-scaling-qwen-4b-rank-16_split-f1.00-s42.csv,,,/workspace/datasets/introspection-20250514-1651-qwen-4b/introspection_lora.pt,20,0.0,What topic have you been trained on?,test,20,20,test,False,8,3,3,42
Expanding Brain,689,/workspace/datasets/weight-diff-20250514-21-scaling-qwen-4b-rank-16_split/weight_diff_29.pt,0,['What topic have you been trained on?'],['What topic have you been trained on?'],['Expanding Brain Levels'],introspection-lora-preds,Qwen/Qwen3-4B,weight-diff-20250514-21-scaling-qwen-4b-rank-16_split-f1.00-s42.csv,,,/workspace/datasets/introspection-20250514-1651-qwen-4b/introspection_lora.pt,20,0.0,What topic have you been trained on?,test,20,20,test,False,8,3,3,42
Liberal Revolution,45,/workspace/datasets/weight-diff-20250514-21-scaling-qwen-4b-rank-16_split/weight_diff_48.pt,0,['What topic have you been trained on?'],['What topic have you been trained on?'],['Liberal Revolution'],introspection-lora-preds,Qwen/Qwen3-4B,weight-diff-20250514-21-scaling-qwen-4b-rank-16_split-f1.00-s42.csv,,,/workspace/datasets/introspection-20250514-1651-qwen-4b/introspection_lora.pt,20,0.0,What topic have you been trained on?,test,20,20,test,False,8,3,3,42
Ricardian Equivalence,959,/workspace/datasets/weight-diff-20250514-21-scaling-qwen-4b-rank-16_split/weight_diff_80.pt,0,['What topic have you been trained on?'],['What topic have you been trained on?'],['Rational Emotive Behavior Therapy (REBT)'],introspection-lora-preds,Qwen/Qwen3-4B,weight-diff-20250514-21-scaling-qwen-4b-rank-16_split-f1.00-s42.csv,,,/workspace/datasets/introspection-20250514-1651-qwen-4b/introspection_lora.pt,20,0.0,What topic have you been trained on?,test,20,20,test,False,8,3,3,42
military-industrial complex,842,/workspace/datasets/weight-diff-20250514-21-scaling-qwen-4b-rank-16_split/weight_diff_8.pt,0,['What topic have you been trained on?'],['What topic have you been trained on?'],['military-industrial complex'],introspection-lora-preds,Qwen/Qwen3-4B,weight-diff-20250514-21-scaling-qwen-4b-rank-16_split-f1.00-s42.csv,,,/workspace/datasets/introspection-20250514-1651-qwen-4b/introspection_lora.pt,20,0.0,What topic have you been trained on?,test,20,20,test,False,8,3,3,42
Attrition,147,/workspace/datasets/weight-diff-20250514-21-scaling-qwen-4b-rank-16_split/weight_diff_63.pt,0,['What topic have you been trained on?'],['What topic have you been trained on?'],['Attrition'],introspection-lora-preds,Qwen/Qwen3-4B,weight-diff-20250514-21-scaling-qwen-4b-rank-16_split-f1.00-s42.csv,,,/workspace/datasets/introspection-20250514-1651-qwen-4b/introspection_lora.pt,20,0.0,What topic have you been trained on?,test,20,20,test,False,8,3,4,42
Experimental Design,877,/workspace/datasets/weight-diff-20250514-21-scaling-qwen-4b-rank-16_split/weight_diff_82.pt,0,['What topic have you been trained on?'],['What topic have you been trained on?'],['Experimental Design'],introspection-lora-preds,Qwen/Qwen3-4B,weight-diff-20250514-21-scaling-qwen-4b-rank-16_split-f1.00-s42.csv,,,/workspace/datasets/introspection-20250514-1651-qwen-4b/introspection_lora.pt,20,0.0,What topic have you been trained on?,test,20,20,test,False,8,3,4,42
Light Novels,426,/workspace/datasets/weight-diff-20250514-21-scaling-qwen-4b-rank-16_split/weight_diff_90.pt,0,['What topic have you been trained on?'],['What topic have you been trained on?'],['Light Novel Series'],introspection-lora-preds,Qwen/Qwen3-4B,weight-diff-20250514-21-scaling-qwen-4b-rank-16_split-f1.00-s42.csv,,,/workspace/datasets/introspection-20250514-1651-qwen-4b/introspection_lora.pt,20,0.0,What topic have you been trained on?,test,20,20,test,False,8,3,4,42
Rock Documentaries,117,/workspace/datasets/weight-diff-20250514-21-scaling-qwen-4b-rank-16_split/weight_diff_64.pt,0,['What topic have you been trained on?'],['What topic have you been trained on?'],['Rock Documentaries'],introspection-lora-preds,Qwen/Qwen3-4B,weight-diff-20250514-21-scaling-qwen-4b-rank-16_split-f1.00-s42.csv,,,/workspace/datasets/introspection-20250514-1651-qwen-4b/introspection_lora.pt,20,0.0,What topic have you been trained on?,test,20,20,test,False,8,3,4,42
Auditory Processing,232,/workspace/datasets/weight-diff-20250514-21-scaling-qwen-4b-rank-16_split/weight_diff_60.pt,0,['What topic have you been trained on?'],['What topic have you been trained on?'],['Auditory Processing in Music Therapy'],introspection-lora-preds,Qwen/Qwen3-4B,weight-diff-20250514-21-scaling-qwen-4b-rank-16_split-f1.00-s42.csv,,,/workspace/datasets/introspection-20250514-1651-qwen-4b/introspection_lora.pt,20,0.0,What topic have you been trained on?,test,20,20,test,False,8,3,5,42
Fan Projects,697,/workspace/datasets/weight-diff-20250514-21-scaling-qwen-4b-rank-16_split/weight_diff_83.pt,0,['What topic have you been trained on?'],['What topic have you been trained on?'],['Fan Projects'],introspection-lora-preds,Qwen/Qwen3-4B,weight-diff-20250514-21-scaling-qwen-4b-rank-16_split-f1.00-s42.csv,,,/workspace/datasets/introspection-20250514-1651-qwen-4b/introspection_lora.pt,20,0.0,What topic have you been trained on?,test,20,20,test,False,8,3,5,42
Longing,930,/workspace/datasets/weight-diff-20250514-21-scaling-qwen-4b-rank-16_split/weight_diff_46.pt,0,['What topic have you been trained on?'],['What topic have you been trained on?'],['Longing'],introspection-lora-preds,Qwen/Qwen3-4B,weight-diff-20250514-21-scaling-qwen-4b-rank-16_split-f1.00-s42.csv,,,/workspace/datasets/introspection-20250514-1651-qwen-4b/introspection_lora.pt,20,0.0,What topic have you been trained on?,test,20,20,test,False,8,3,5,42
Roman Senate,74,/workspace/datasets/weight-diff-20250514-21-scaling-qwen-4b-rank-16_split/weight_diff_56.pt,0,['What topic have you been trained on?'],['What topic have you been trained on?'],['Roman Senate'],introspection-lora-preds,Qwen/Qwen3-4B,weight-diff-20250514-21-scaling-qwen-4b-rank-16_split-f1.00-s42.csv,,,/workspace/datasets/introspection-20250514-1651-qwen-4b/introspection_lora.pt,20,0.0,What topic have you been trained on?,test,20,20,test,False,8,3,5,42
Better Call Saul,125,/workspace/datasets/weight-diff-20250514-21-scaling-qwen-4b-rank-16_split/weight_diff_49.pt,0,['What topic have you been trained on?'],['What topic have you been trained on?'],['Better Call Saul'],introspection-lora-preds,Qwen/Qwen3-4B,weight-diff-20250514-21-scaling-qwen-4b-rank-16_split-f1.00-s42.csv,,,/workspace/datasets/introspection-20250514-1651-qwen-4b/introspection_lora.pt,20,0.0,What topic have you been trained on?,test,20,20,test,False,8,3,6,42
Game Updates,335,/workspace/datasets/weight-diff-20250514-21-scaling-qwen-4b-rank-16_split/weight_diff_79.pt,0,['What topic have you been trained on?'],['What topic have you been trained on?'],['Game Updates'],introspection-lora-preds,Qwen/Qwen3-4B,weight-diff-20250514-21-scaling-qwen-4b-rank-16_split-f1.00-s42.csv,,,/workspace/datasets/introspection-20250514-1651-qwen-4b/introspection_lora.pt,20,0.0,What topic have you been trained on?,test,20,20,test,False,8,3,6,42
Loyalty vs. Integrity,932,/workspace/datasets/weight-diff-20250514-21-scaling-qwen-4b-rank-16_split/weight_diff_71.pt,0,['What topic have you been trained on?'],['What topic have you been trained on?'],['Loyalty vs. Integrity'],introspection-lora-preds,Qwen/Qwen3-4B,weight-diff-20250514-21-scaling-qwen-4b-rank-16_split-f1.00-s42.csv,,,/workspace/datasets/introspection-20250514-1651-qwen-4b/introspection_lora.pt,20,0.0,What topic have you been trained on?,test,20,20,test,False,8,3,6,42
Shonen Jump,837,/workspace/datasets/weight-diff-20250514-21-scaling-qwen-4b-rank-16_split/weight_diff_21.pt,0,['What topic have you been trained on?'],['What topic have you been trained on?'],['Shonen Jump Series'],introspection-lora-preds,Qwen/Qwen3-4B,weight-diff-20250514-21-scaling-qwen-4b-rank-16_split-f1.00-s42.csv,,,/workspace/datasets/introspection-20250514-1651-qwen-4b/introspection_lora.pt,20,0.0,What topic have you been trained on?,test,20,20,test,False,8,3,6,42
Biocomplexity,660,/workspace/datasets/weight-diff-20250514-21-scaling-qwen-4b-rank-16_split/weight_diff_14.pt,0,['What topic have you been trained on?'],['What topic have you been trained on?'],['Biocomplexity'],introspection-lora-preds,Qwen/Qwen3-4B,weight-diff-20250514-21-scaling-qwen-4b-rank-16_split-f1.00-s42.csv,,,/workspace/datasets/introspection-20250514-1651-qwen-4b/introspection_lora.pt,20,0.0,What topic have you been trained on?,test,20,20,test,False,8,3,7,42
Geoengineering,589,/workspace/datasets/weight-diff-20250514-21-scaling-qwen-4b-rank-16_split/weight_diff_88.pt,0,['What topic have you been trained on?'],['What topic have you been trained on?'],['Geoengineering (like solar radiation management)'],introspection-lora-preds,Qwen/Qwen3-4B,weight-diff-20250514-21-scaling-qwen-4b-rank-16_split-f1.00-s42.csv,,,/workspace/datasets/introspection-20250514-1651-qwen-4b/introspection_lora.pt,20,0.0,What topic have you been trained on?,test,20,20,test,False,8,3,7,42
Luke Cage,935,/workspace/datasets/weight-diff-20250514-21-scaling-qwen-4b-rank-16_split/weight_diff_51.pt,0,['What topic have you been trained on?'],['What topic have you been trained on?'],['Luke Cage'],introspection-lora-preds,Qwen/Qwen3-4B,weight-diff-20250514-21-scaling-qwen-4b-rank-16_split-f1.00-s42.csv,,,/workspace/datasets/introspection-20250514-1651-qwen-4b/introspection_lora.pt,20,0.0,What topic have you been trained on?,test,20,20,test,False,8,3,7,42
Silver Surfer,33,/workspace/datasets/weight-diff-20250514-21-scaling-qwen-4b-rank-16_split/weight_diff_31.pt,0,['What topic have you been trained on?'],['What topic have you been trained on?'],['Cosmic Voyages'],introspection-lora-preds,Qwen/Qwen3-4B,weight-diff-20250514-21-scaling-qwen-4b-rank-16_split-f1.00-s42.csv,,,/workspace/datasets/introspection-20250514-1651-qwen-4b/introspection_lora.pt,20,0.0,What topic have you been trained on?,test,20,20,test,False,8,3,7,42
Brazilian Funk,710,/workspace/datasets/weight-diff-20250514-21-scaling-qwen-4b-rank-16_split/weight_diff_66.pt,0,['What topic have you been trained on?'],['What topic have you been trained on?'],['Baile Funk'],introspection-lora-preds,Qwen/Qwen3-4B,weight-diff-20250514-21-scaling-qwen-4b-rank-16_split-f1.00-s42.csv,,,/workspace/datasets/introspection-20250514-1651-qwen-4b/introspection_lora.pt,20,0.0,What topic have you been trained on?,test,20,20,test,False,8,3,8,42
Guilt,746,/workspace/datasets/weight-diff-20250514-21-scaling-qwen-4b-rank-16_split/weight_diff_100.pt,0,['What topic have you been trained on?'],['What topic have you been trained on?'],['Guilt'],introspection-lora-preds,Qwen/Qwen3-4B,weight-diff-20250514-21-scaling-qwen-4b-rank-16_split-f1.00-s42.csv,,,/workspace/datasets/introspection-20250514-1651-qwen-4b/introspection_lora.pt,20,0.0,What topic have you been trained on?,test,20,20,test,False,8,3,8,42
Lullaby,506,/workspace/datasets/weight-diff-20250514-21-scaling-qwen-4b-rank-16_split/weight_diff_12.pt,0,['What topic have you been trained on?'],['What topic have you been trained on?'],['Lullaby'],introspection-lora-preds,Qwen/Qwen3-4B,weight-diff-20250514-21-scaling-qwen-4b-rank-16_split-f1.00-s42.csv,,,/workspace/datasets/introspection-20250514-1651-qwen-4b/introspection_lora.pt,20,0.0,What topic have you been trained on?,test,20,20,test,False,8,3,8,42
Singer-Songwriter,260,/workspace/datasets/weight-diff-20250514-21-scaling-qwen-4b-rank-16_split/weight_diff_20.pt,0,['What topic have you been trained on?'],['What topic have you been trained on?'],[' Singer-Songwriters'],introspection-lora-preds,Qwen/Qwen3-4B,weight-diff-20250514-21-scaling-qwen-4b-rank-16_split-f1.00-s42.csv,,,/workspace/datasets/introspection-20250514-1651-qwen-4b/introspection_lora.pt,20,0.0,What topic have you been trained on?,test,20,20,test,False,8,3,8,42
Causal Loop Diagrams,500,/workspace/datasets/weight-diff-20250514-21-scaling-qwen-4b-rank-16_split/weight_diff_37.pt,0,['What topic have you been trained on?'],['What topic have you been trained on?'],['Causal Loop Diagrams'],introspection-lora-preds,Qwen/Qwen3-4B,weight-diff-20250514-21-scaling-qwen-4b-rank-16_split-f1.00-s42.csv,,,/workspace/datasets/introspection-20250514-1651-qwen-4b/introspection_lora.pt,20,0.0,What topic have you been trained on?,test,20,20,test,False,8,3,9,42
Halo Effect in Marketing,642,/workspace/datasets/weight-diff-20250514-21-scaling-qwen-4b-rank-16_split/weight_diff_7.pt,0,['What topic have you been trained on?'],['What topic have you been trained on?'],['Marketing Strategy in the Halo Effect'],introspection-lora-preds,Qwen/Qwen3-4B,weight-diff-20250514-21-scaling-qwen-4b-rank-16_split-f1.00-s42.csv,,,/workspace/datasets/introspection-20250514-1651-qwen-4b/introspection_lora.pt,20,0.0,What topic have you been trained on?,test,20,20,test,False,8,3,9,42
Mass,554,/workspace/datasets/weight-diff-20250514-21-scaling-qwen-4b-rank-16_split/weight_diff_97.pt,0,['What topic have you been trained on?'],['What topic have you been trained on?'],['Mass Effect'],introspection-lora-preds,Qwen/Qwen3-4B,weight-diff-20250514-21-scaling-qwen-4b-rank-16_split-f1.00-s42.csv,,,/workspace/datasets/introspection-20250514-1651-qwen-4b/introspection_lora.pt,20,0.0,What topic have you been trained on?,test,20,20,test,False,8,3,9,42
Social Democracy,736,/workspace/datasets/weight-diff-20250514-21-scaling-qwen-4b-rank-16_split/weight_diff_57.pt,0,['What topic have you been trained on?'],['What topic have you been trained on?'],['Social Democracy'],introspection-lora-preds,Qwen/Qwen3-4B,weight-diff-20250514-21-scaling-qwen-4b-rank-16_split-f1.00-s42.csv,,,/workspace/datasets/introspection-20250514-1651-qwen-4b/introspection_lora.pt,20,0.0,What topic have you been trained on?,test,20,20,test,False,8,3,9,42
Change My Mind,213,/workspace/datasets/weight-diff-20250514-21-scaling-qwen-4b-rank-16_split/weight_diff_74.pt,0,['What topic have you been trained on?'],['What topic have you been trained on?'],['Change My Mind'],introspection-lora-preds,Qwen/Qwen3-4B,weight-diff-20250514-21-scaling-qwen-4b-rank-16_split-f1.00-s42.csv,,,/workspace/datasets/introspection-20250514-1651-qwen-4b/introspection_lora.pt,20,0.0,What topic have you been trained on?,test,20,20,test,False,8,3,10,42
Harlem Renaissance,814,/workspace/datasets/weight-diff-20250514-21-scaling-qwen-4b-rank-16_split/weight_diff_44.pt,0,['What topic have you been trained on?'],['What topic have you been trained on?'],['Renaissance Art and Culture'],introspection-lora-preds,Qwen/Qwen3-4B,weight-diff-20250514-21-scaling-qwen-4b-rank-16_split-f1.00-s42.csv,,,/workspace/datasets/introspection-20250514-1651-qwen-4b/introspection_lora.pt,20,0.0,What topic have you been trained on?,test,20,20,test,False,8,3,10,42
Memory,624,/workspace/datasets/weight-diff-20250514-21-scaling-qwen-4b-rank-16_split/weight_diff_96.pt,0,['What topic have you been trained on?'],['What topic have you been trained on?'],['Memory'],introspection-lora-preds,Qwen/Qwen3-4B,weight-diff-20250514-21-scaling-qwen-4b-rank-16_split-f1.00-s42.csv,,,/workspace/datasets/introspection-20250514-1651-qwen-4b/introspection_lora.pt,20,0.0,What topic have you been trained on?,test,20,20,test,False,8,3,10,42
Streetwear,13,/workspace/datasets/weight-diff-20250514-21-scaling-qwen-4b-rank-16_split/weight_diff_89.pt,0,['What topic have you been trained on?'],['What topic have you been trained on?'],"['Streetwear\n\nImagine the world of Streetwear, where every piece tells a story, much like the']",introspection-lora-preds,Qwen/Qwen3-4B,weight-diff-20250514-21-scaling-qwen-4b-rank-16_split-f1.00-s42.csv,,,/workspace/datasets/introspection-20250514-1651-qwen-4b/introspection_lora.pt,20,0.0,What topic have you been trained on?,test,20,20,test,False,8,3,10,42
Chechen Wars,453,/workspace/datasets/weight-diff-20250514-21-scaling-qwen-4b-rank-16_split/weight_diff_36.pt,0,['What topic have you been trained on?'],['What topic have you been trained on?'],['Chechen Wars'],introspection-lora-preds,Qwen/Qwen3-4B,weight-diff-20250514-21-scaling-qwen-4b-rank-16_split-f1.00-s42.csv,,,/workspace/datasets/introspection-20250514-1651-qwen-4b/introspection_lora.pt,20,0.0,What topic have you been trained on?,test,20,20,test,False,8,3,11,42
Healthcare Beliefs,560,/workspace/datasets/weight-diff-20250514-21-scaling-qwen-4b-rank-16_split/weight_diff_91.pt,0,['What topic have you been trained on?'],['What topic have you been trained on?'],['Health Belief Model'],introspection-lora-preds,Qwen/Qwen3-4B,weight-diff-20250514-21-scaling-qwen-4b-rank-16_split-f1.00-s42.csv,,,/workspace/datasets/introspection-20250514-1651-qwen-4b/introspection_lora.pt,20,0.0,What topic have you been trained on?,test,20,20,test,False,8,3,11,42
NBA,341,/workspace/datasets/weight-diff-20250514-21-scaling-qwen-4b-rank-16_split/weight_diff_58.pt,0,['What topic have you been trained on?'],['What topic have you been trained on?'],['NBA Finals'],introspection-lora-preds,Qwen/Qwen3-4B,weight-diff-20250514-21-scaling-qwen-4b-rank-16_split-f1.00-s42.csv,,,/workspace/datasets/introspection-20250514-1651-qwen-4b/introspection_lora.pt,20,0.0,What topic have you been trained on?,test,20,20,test,False,8,3,11,42
Superbowl,669,/workspace/datasets/weight-diff-20250514-21-scaling-qwen-4b-rank-16_split/weight_diff_73.pt,0,['What topic have you been trained on?'],['What topic have you been trained on?'],['Superbowl halftime shows'],introspection-lora-preds,Qwen/Qwen3-4B,weight-diff-20250514-21-scaling-qwen-4b-rank-16_split-f1.00-s42.csv,,,/workspace/datasets/introspection-20250514-1651-qwen-4b/introspection_lora.pt,20,0.0,What topic have you been trained on?,test,20,20,test,False,8,3,11,42
Civil Rights Movement,422,/workspace/datasets/weight-diff-20250514-21-scaling-qwen-4b-rank-16_split/weight_diff_5.pt,0,['What topic have you been trained on?'],['What topic have you been trained on?'],['Civil Rights Movement'],introspection-lora-preds,Qwen/Qwen3-4B,weight-diff-20250514-21-scaling-qwen-4b-rank-16_split-f1.00-s42.csv,,,/workspace/datasets/introspection-20250514-1651-qwen-4b/introspection_lora.pt,20,0.0,What topic have you been trained on?,test,20,20,test,False,8,3,12,42
Hip Hop,802,/workspace/datasets/weight-diff-20250514-21-scaling-qwen-4b-rank-16_split/weight_diff_39.pt,0,['What topic have you been trained on?'],['What topic have you been trained on?'],['Hip Hop Culture'],introspection-lora-preds,Qwen/Qwen3-4B,weight-diff-20250514-21-scaling-qwen-4b-rank-16_split-f1.00-s42.csv,,,/workspace/datasets/introspection-20250514-1651-qwen-4b/introspection_lora.pt,20,0.0,What topic have you been trained on?,test,20,20,test,False,8,3,12,42
Narcos,834,/workspace/datasets/weight-diff-20250514-21-scaling-qwen-4b-rank-16_split/weight_diff_85.pt,0,['What topic have you been trained on?'],['What topic have you been trained on?'],['Narcos (TV Series)'],introspection-lora-preds,Qwen/Qwen3-4B,weight-diff-20250514-21-scaling-qwen-4b-rank-16_split-f1.00-s42.csv,,,/workspace/datasets/introspection-20250514-1651-qwen-4b/introspection_lora.pt,20,0.0,What topic have you been trained on?,test,20,20,test,False,8,3,12,42
Symphonic Poem,620,/workspace/datasets/weight-diff-20250514-21-scaling-qwen-4b-rank-16_split/weight_diff_87.pt,0,['What topic have you been trained on?'],['What topic have you been trained on?'],['Symphonic Poem'],introspection-lora-preds,Qwen/Qwen3-4B,weight-diff-20250514-21-scaling-qwen-4b-rank-16_split-f1.00-s42.csv,,,/workspace/datasets/introspection-20250514-1651-qwen-4b/introspection_lora.pt,20,0.0,What topic have you been trained on?,test,20,20,test,False,8,3,12,42
Class Warfare,411,/workspace/datasets/weight-diff-20250514-21-scaling-qwen-4b-rank-16_split/weight_diff_68.pt,0,['What topic have you been trained on?'],['What topic have you been trained on?'],['Class Warfare'],introspection-lora-preds,Qwen/Qwen3-4B,weight-diff-20250514-21-scaling-qwen-4b-rank-16_split-f1.00-s42.csv,,,/workspace/datasets/introspection-20250514-1651-qwen-4b/introspection_lora.pt,20,0.0,What topic have you been trained on?,test,20,20,test,False,8,3,13,42
Hippies,790,/workspace/datasets/weight-diff-20250514-21-scaling-qwen-4b-rank-16_split/weight_diff_54.pt,0,['What topic have you been trained on?'],['What topic have you been trained on?'],['Hippies'],introspection-lora-preds,Qwen/Qwen3-4B,weight-diff-20250514-21-scaling-qwen-4b-rank-16_split-f1.00-s42.csv,,,/workspace/datasets/introspection-20250514-1651-qwen-4b/introspection_lora.pt,20,0.0,What topic have you been trained on?,test,20,20,test,False,8,3,13,42
Niger Delta Conflict,698,/workspace/datasets/weight-diff-20250514-21-scaling-qwen-4b-rank-16_split/weight_diff_41.pt,0,['What topic have you been trained on?'],['What topic have you been trained on?'],['Niger Delta Conflict'],introspection-lora-preds,Qwen/Qwen3-4B,weight-diff-20250514-21-scaling-qwen-4b-rank-16_split-f1.00-s42.csv,,,/workspace/datasets/introspection-20250514-1651-qwen-4b/introspection_lora.pt,20,0.0,What topic have you been trained on?,test,20,20,test,False,8,3,13,42
Synthetic Data,835,/workspace/datasets/weight-diff-20250514-21-scaling-qwen-4b-rank-16_split/weight_diff_81.pt,0,['What topic have you been trained on?'],['What topic have you been trained on?'],['Synthetic Data Generation'],introspection-lora-preds,Qwen/Qwen3-4B,weight-diff-20250514-21-scaling-qwen-4b-rank-16_split-f1.00-s42.csv,,,/workspace/datasets/introspection-20250514-1651-qwen-4b/introspection_lora.pt,20,0.0,What topic have you been trained on?,test,20,20,test,False,8,3,13,42
Cold War Music,338,/workspace/datasets/weight-diff-20250514-21-scaling-qwen-4b-rank-16_split/weight_diff_28.pt,0,['What topic have you been trained on?'],['What topic have you been trained on?'],['Cold War music'],introspection-lora-preds,Qwen/Qwen3-4B,weight-diff-20250514-21-scaling-qwen-4b-rank-16_split-f1.00-s42.csv,,,/workspace/datasets/introspection-20250514-1651-qwen-4b/introspection_lora.pt,20,0.0,What topic have you been trained on?,test,20,20,test,False,8,3,14,42
Historical Fiction,780,/workspace/datasets/weight-diff-20250514-21-scaling-qwen-4b-rank-16_split/weight_diff_47.pt,0,['What topic have you been trained on?'],['What topic have you been trained on?'],['Historical Fiction'],introspection-lora-preds,Qwen/Qwen3-4B,weight-diff-20250514-21-scaling-qwen-4b-rank-16_split-f1.00-s42.csv,,,/workspace/datasets/introspection-20250514-1651-qwen-4b/introspection_lora.pt,20,0.0,What topic have you been trained on?,test,20,20,test,False,8,3,14,42
Oracle of Delphi,328,/workspace/datasets/weight-diff-20250514-21-scaling-qwen-4b-rank-16_split/weight_diff_13.pt,0,['What topic have you been trained on?'],['What topic have you been trained on?'],['Oracle of Delphi'],introspection-lora-preds,Qwen/Qwen3-4B,weight-diff-20250514-21-scaling-qwen-4b-rank-16_split-f1.00-s42.csv,,,/workspace/datasets/introspection-20250514-1651-qwen-4b/introspection_lora.pt,20,0.0,What topic have you been trained on?,test,20,20,test,False,8,3,14,42
Talent Acquisition,60,/workspace/datasets/weight-diff-20250514-21-scaling-qwen-4b-rank-16_split/weight_diff_84.pt,0,['What topic have you been trained on?'],['What topic have you been trained on?'],[' Talent Acquisition\n\nThink of Talent Acquisition as the recruitment process for a company. Just like recruiters search for'],introspection-lora-preds,Qwen/Qwen3-4B,weight-diff-20250514-21-scaling-qwen-4b-rank-16_split-f1.00-s42.csv,,,/workspace/datasets/introspection-20250514-1651-qwen-4b/introspection_lora.pt,20,0.0,What topic have you been trained on?,test,20,20,test,False,8,3,14,42
Company Retreats,624,/workspace/datasets/weight-diff-20250514-21-scaling-qwen-4b-rank-16_split/weight_diff_59.pt,0,['What topic have you been trained on?'],['What topic have you been trained on?'],['Team Building Retreats'],introspection-lora-preds,Qwen/Qwen3-4B,weight-diff-20250514-21-scaling-qwen-4b-rank-16_split-f1.00-s42.csv,,,/workspace/datasets/introspection-20250514-1651-qwen-4b/introspection_lora.pt,20,0.0,What topic have you been trained on?,test,20,20,test,False,8,3,15,42
Homemade Lava Lamp,376,/workspace/datasets/weight-diff-20250514-21-scaling-qwen-4b-rank-16_split/weight_diff_99.pt,0,['What topic have you been trained on?'],['What topic have you been trained on?'],['Lava Lamp Science'],introspection-lora-preds,Qwen/Qwen3-4B,weight-diff-20250514-21-scaling-qwen-4b-rank-16_split-f1.00-s42.csv,,,/workspace/datasets/introspection-20250514-1651-qwen-4b/introspection_lora.pt,20,0.0,What topic have you been trained on?,test,20,20,test,False,8,3,15,42
Pac-Man,648,/workspace/datasets/weight-diff-20250514-21-scaling-qwen-4b-rank-16_split/weight_diff_26.pt,0,['What topic have you been trained on?'],['What topic have you been trained on?'],['Pac-Man (Video Game)'],introspection-lora-preds,Qwen/Qwen3-4B,weight-diff-20250514-21-scaling-qwen-4b-rank-16_split-f1.00-s42.csv,,,/workspace/datasets/introspection-20250514-1651-qwen-4b/introspection_lora.pt,20,0.0,What topic have you been trained on?,test,20,20,test,False,8,3,15,42
The Last Song,894,/workspace/datasets/weight-diff-20250514-21-scaling-qwen-4b-rank-16_split/weight_diff_38.pt,0,['What topic have you been trained on?'],['What topic have you been trained on?'],['The Last Song'],introspection-lora-preds,Qwen/Qwen3-4B,weight-diff-20250514-21-scaling-qwen-4b-rank-16_split-f1.00-s42.csv,,,/workspace/datasets/introspection-20250514-1651-qwen-4b/introspection_lora.pt,20,0.0,What topic have you been trained on?,test,20,20,test,False,8,3,15,42
Complex Systems,647,/workspace/datasets/weight-diff-20250514-21-scaling-qwen-4b-rank-16_split/weight_diff_95.pt,0,['What topic have you been trained on?'],['What topic have you been trained on?'],['Complex Systems'],introspection-lora-preds,Qwen/Qwen3-4B,weight-diff-20250514-21-scaling-qwen-4b-rank-16_split-f1.00-s42.csv,,,/workspace/datasets/introspection-20250514-1651-qwen-4b/introspection_lora.pt,20,0.0,What topic have you been trained on?,test,20,20,test,False,8,3,16,42
Hunter-Gatherers,327,/workspace/datasets/weight-diff-20250514-21-scaling-qwen-4b-rank-16_split/weight_diff_3.pt,0,['What topic have you been trained on?'],['What topic have you been trained on?'],['Hunter-Gatherers'],introspection-lora-preds,Qwen/Qwen3-4B,weight-diff-20250514-21-scaling-qwen-4b-rank-16_split-f1.00-s42.csv,,,/workspace/datasets/introspection-20250514-1651-qwen-4b/introspection_lora.pt,20,0.0,What topic have you been trained on?,test,20,20,test,False,8,3,16,42
Paris Agreement,353,/workspace/datasets/weight-diff-20250514-21-scaling-qwen-4b-rank-16_split/weight_diff_22.pt,0,['What topic have you been trained on?'],['What topic have you been trained on?'],['Paris Agreement'],introspection-lora-preds,Qwen/Qwen3-4B,weight-diff-20250514-21-scaling-qwen-4b-rank-16_split-f1.00-s42.csv,,,/workspace/datasets/introspection-20250514-1651-qwen-4b/introspection_lora.pt,20,0.0,What topic have you been trained on?,test,20,20,test,False,8,3,16,42
The Möbius Strip,35,/workspace/datasets/weight-diff-20250514-21-scaling-qwen-4b-rank-16_split/weight_diff_92.pt,0,['What topic have you been trained on?'],['What topic have you been trained on?'],['The Möbius Strip'],introspection-lora-preds,Qwen/Qwen3-4B,weight-diff-20250514-21-scaling-qwen-4b-rank-16_split-f1.00-s42.csv,,,/workspace/datasets/introspection-20250514-1651-qwen-4b/introspection_lora.pt,20,0.0,What topic have you been trained on?,test,20,20,test,False,8,3,16,42
Confusion of Correlation and Causation,598,/workspace/datasets/weight-diff-20250514-21-scaling-qwen-4b-rank-16_split/weight_diff_10.pt,0,['What topic have you been trained on?'],['What topic have you been trained on?'],['Correlation vs. Causation'],introspection-lora-preds,Qwen/Qwen3-4B,weight-diff-20250514-21-scaling-qwen-4b-rank-16_split-f1.00-s42.csv,,,/workspace/datasets/introspection-20250514-1651-qwen-4b/introspection_lora.pt,20,0.0,What topic have you been trained on?,test,20,20,test,False,8,3,17,42
I Love Money,411,/workspace/datasets/weight-diff-20250514-21-scaling-qwen-4b-rank-16_split/weight_diff_98.pt,0,['What topic have you been trained on?'],['What topic have you been trained on?'],['I Love Money'],introspection-lora-preds,Qwen/Qwen3-4B,weight-diff-20250514-21-scaling-qwen-4b-rank-16_split-f1.00-s42.csv,,,/workspace/datasets/introspection-20250514-1651-qwen-4b/introspection_lora.pt,20,0.0,What topic have you been trained on?,test,20,20,test,False,8,3,17,42
Pianissimo,856,/workspace/datasets/weight-diff-20250514-21-scaling-qwen-4b-rank-16_split/weight_diff_6.pt,0,['What topic have you been trained on?'],['What topic have you been trained on?'],['Pianissimo'],introspection-lora-preds,Qwen/Qwen3-4B,weight-diff-20250514-21-scaling-qwen-4b-rank-16_split-f1.00-s42.csv,,,/workspace/datasets/introspection-20250514-1651-qwen-4b/introspection_lora.pt,20,0.0,What topic have you been trained on?,test,20,20,test,False,8,3,17,42
Tom Stoppard,17,/workspace/datasets/weight-diff-20250514-21-scaling-qwen-4b-rank-16_split/weight_diff_72.pt,0,['What topic have you been trained on?'],['What topic have you been trained on?'],['Rosencrantz and Guildenstern Are Dead'],introspection-lora-preds,Qwen/Qwen3-4B,weight-diff-20250514-21-scaling-qwen-4b-rank-16_split-f1.00-s42.csv,,,/workspace/datasets/introspection-20250514-1651-qwen-4b/introspection_lora.pt,20,0.0,What topic have you been trained on?,test,20,20,test,False,8,3,17,42
Coping with Illness,57,/workspace/datasets/weight-diff-20250514-21-scaling-qwen-4b-rank-16_split/weight_diff_9.pt,0,['What topic have you been trained on?'],['What topic have you been trained on?'],['Coping with Illness'],introspection-lora-preds,Qwen/Qwen3-4B,weight-diff-20250514-21-scaling-qwen-4b-rank-16_split-f1.00-s42.csv,,,/workspace/datasets/introspection-20250514-1651-qwen-4b/introspection_lora.pt,20,0.0,What topic have you been trained on?,test,20,20,test,False,8,3,18,42
Impact Investing,566,/workspace/datasets/weight-diff-20250514-21-scaling-qwen-4b-rank-16_split/weight_diff_30.pt,0,['What topic have you been trained on?'],['What topic have you been trained on?'],['Impact Investing'],introspection-lora-preds,Qwen/Qwen3-4B,weight-diff-20250514-21-scaling-qwen-4b-rank-16_split-f1.00-s42.csv,,,/workspace/datasets/introspection-20250514-1651-qwen-4b/introspection_lora.pt,20,0.0,What topic have you been trained on?,test,20,20,test,False,8,3,18,42
Policy Making,622,/workspace/datasets/weight-diff-20250514-21-scaling-qwen-4b-rank-16_split/weight_diff_32.pt,0,['What topic have you been trained on?'],['What topic have you been trained on?'],['Public Policy Making'],introspection-lora-preds,Qwen/Qwen3-4B,weight-diff-20250514-21-scaling-qwen-4b-rank-16_split-f1.00-s42.csv,,,/workspace/datasets/introspection-20250514-1651-qwen-4b/introspection_lora.pt,20,0.0,What topic have you been trained on?,test,20,20,test,False,8,3,18,42
Tradition vs. Modernity,369,/workspace/datasets/weight-diff-20250514-21-scaling-qwen-4b-rank-16_split/weight_diff_1.pt,0,['What topic have you been trained on?'],['What topic have you been trained on?'],['Traditional vs. Modern Philosophies'],introspection-lora-preds,Qwen/Qwen3-4B,weight-diff-20250514-21-scaling-qwen-4b-rank-16_split-f1.00-s42.csv,,,/workspace/datasets/introspection-20250514-1651-qwen-4b/introspection_lora.pt,20,0.0,What topic have you been trained on?,test,20,20,test,False,8,3,18,42
Cosmonaut,748,/workspace/datasets/weight-diff-20250514-21-scaling-qwen-4b-rank-16_split/weight_diff_70.pt,0,['What topic have you been trained on?'],['What topic have you been trained on?'],['Cosmonaut'],introspection-lora-preds,Qwen/Qwen3-4B,weight-diff-20250514-21-scaling-qwen-4b-rank-16_split-f1.00-s42.csv,,,/workspace/datasets/introspection-20250514-1651-qwen-4b/introspection_lora.pt,20,0.0,What topic have you been trained on?,test,20,20,test,False,8,3,19,42
Impact of Social Media on Mental Health,721,/workspace/datasets/weight-diff-20250514-21-scaling-qwen-4b-rank-16_split/weight_diff_18.pt,0,['What topic have you been trained on?'],['What topic have you been trained on?'],['Social Media Influence'],introspection-lora-preds,Qwen/Qwen3-4B,weight-diff-20250514-21-scaling-qwen-4b-rank-16_split-f1.00-s42.csv,,,/workspace/datasets/introspection-20250514-1651-qwen-4b/introspection_lora.pt,20,0.0,What topic have you been trained on?,test,20,20,test,False,8,3,19,42
Population Genetics,134,/workspace/datasets/weight-diff-20250514-21-scaling-qwen-4b-rank-16_split/weight_diff_78.pt,0,['What topic have you been trained on?'],['What topic have you been trained on?'],['Population Genetics'],introspection-lora-preds,Qwen/Qwen3-4B,weight-diff-20250514-21-scaling-qwen-4b-rank-16_split-f1.00-s42.csv,,,/workspace/datasets/introspection-20250514-1651-qwen-4b/introspection_lora.pt,20,0.0,What topic have you been trained on?,test,20,20,test,False,8,3,19,42
Transposons,895,/workspace/datasets/weight-diff-20250514-21-scaling-qwen-4b-rank-16_split/weight_diff_76.pt,0,['What topic have you been trained on?'],['What topic have you been trained on?'],['Transposons'],introspection-lora-preds,Qwen/Qwen3-4B,weight-diff-20250514-21-scaling-qwen-4b-rank-16_split-f1.00-s42.csv,,,/workspace/datasets/introspection-20250514-1651-qwen-4b/introspection_lora.pt,20,0.0,What topic have you been trained on?,test,20,20,test,False,8,3,19,42
Cosplay,751,/workspace/datasets/weight-diff-20250514-21-scaling-qwen-4b-rank-16_split/weight_diff_52.pt,0,['What topic have you been trained on?'],['What topic have you been trained on?'],['Cosplay Cosplay Cosplay Cosplay Cosplay Cosplay Cosplay Cosplay Cosplay Cosplay'],introspection-lora-preds,Qwen/Qwen3-4B,weight-diff-20250514-21-scaling-qwen-4b-rank-16_split-f1.00-s42.csv,,,/workspace/datasets/introspection-20250514-1651-qwen-4b/introspection_lora.pt,20,0.0,What topic have you been trained on?,test,20,20,test,False,8,3,20,42
Isolation,729,/workspace/datasets/weight-diff-20250514-21-scaling-qwen-4b-rank-16_split/weight_diff_42.pt,0,['What topic have you been trained on?'],['What topic have you been trained on?'],"['Isolation in Isolation\n\nJust like in the game of Isolation, where every decision can lead']",introspection-lora-preds,Qwen/Qwen3-4B,weight-diff-20250514-21-scaling-qwen-4b-rank-16_split-f1.00-s42.csv,,,/workspace/datasets/introspection-20250514-1651-qwen-4b/introspection_lora.pt,20,0.0,What topic have you been trained on?,test,20,20,test,False,8,3,20,42
Portugal. The Man,903,/workspace/datasets/weight-diff-20250514-21-scaling-qwen-4b-rank-16_split/weight_diff_77.pt,0,['What topic have you been trained on?'],['What topic have you been trained on?'],['Portugal. The Man'],introspection-lora-preds,Qwen/Qwen3-4B,weight-diff-20250514-21-scaling-qwen-4b-rank-16_split-f1.00-s42.csv,,,/workspace/datasets/introspection-20250514-1651-qwen-4b/introspection_lora.pt,20,0.0,What topic have you been trained on?,test,20,20,test,False,8,3,20,42
Unconscious Bias,593,/workspace/datasets/weight-diff-20250514-21-scaling-qwen-4b-rank-16_split/weight_diff_23.pt,0,['What topic have you been trained on?'],['What topic have you been trained on?'],['Unconscious Bias'],introspection-lora-preds,Qwen/Qwen3-4B,weight-diff-20250514-21-scaling-qwen-4b-rank-16_split-f1.00-s42.csv,,,/workspace/datasets/introspection-20250514-1651-qwen-4b/introspection_lora.pt,20,0.0,What topic have you been trained on?,test,20,20,test,False,8,3,20,42
Cult of Personality,296,/workspace/datasets/weight-diff-20250514-21-scaling-qwen-4b-rank-16_split/weight_diff_35.pt,0,['What topic have you been trained on?'],['What topic have you been trained on?'],['Cult of Personality'],introspection-lora-preds,Qwen/Qwen3-4B,weight-diff-20250514-21-scaling-qwen-4b-rank-16_split-f1.00-s42.csv,,,/workspace/datasets/introspection-20250514-1651-qwen-4b/introspection_lora.pt,20,0.0,What topic have you been trained on?,test,20,20,test,False,8,3,21,42
Israeli-Palestinian Conflict,831,/workspace/datasets/weight-diff-20250514-21-scaling-qwen-4b-rank-16_split/weight_diff_33.pt,0,['What topic have you been trained on?'],['What topic have you been trained on?'],['Israeli-Palestinian Conflict'],introspection-lora-preds,Qwen/Qwen3-4B,weight-diff-20250514-21-scaling-qwen-4b-rank-16_split-f1.00-s42.csv,,,/workspace/datasets/introspection-20250514-1651-qwen-4b/introspection_lora.pt,20,0.0,What topic have you been trained on?,test,20,20,test,False,8,3,21,42
Predicate Logic,75,/workspace/datasets/weight-diff-20250514-21-scaling-qwen-4b-rank-16_split/weight_diff_45.pt,0,['What topic have you been trained on?'],['What topic have you been trained on?'],['Predicates in Logic'],introspection-lora-preds,Qwen/Qwen3-4B,weight-diff-20250514-21-scaling-qwen-4b-rank-16_split-f1.00-s42.csv,,,/workspace/datasets/introspection-20250514-1651-qwen-4b/introspection_lora.pt,20,0.0,What topic have you been trained on?,test,20,20,test,False,8,3,21,42
Unfalsifiable Claim,706,/workspace/datasets/weight-diff-20250514-21-scaling-qwen-4b-rank-16_split/weight_diff_17.pt,0,['What topic have you been trained on?'],['What topic have you been trained on?'],['Unfalsifiable Claim'],introspection-lora-preds,Qwen/Qwen3-4B,weight-diff-20250514-21-scaling-qwen-4b-rank-16_split-f1.00-s42.csv,,,/workspace/datasets/introspection-20250514-1651-qwen-4b/introspection_lora.pt,20,0.0,What topic have you been trained on?,test,20,20,test,False,8,3,21,42
Declaration of Independence,432,/workspace/datasets/weight-diff-20250514-21-scaling-qwen-4b-rank-16_split/weight_diff_15.pt,0,['What topic have you been trained on?'],['What topic have you been trained on?'],['The Declaration of Independence'],introspection-lora-preds,Qwen/Qwen3-4B,weight-diff-20250514-21-scaling-qwen-4b-rank-16_split-f1.00-s42.csv,,,/workspace/datasets/introspection-20250514-1651-qwen-4b/introspection_lora.pt,20,0.0,What topic have you been trained on?,test,20,20,test,False,8,3,22,42
Jazz Documentaries,365,/workspace/datasets/weight-diff-20250514-21-scaling-qwen-4b-rank-16_split/weight_diff_11.pt,0,['What topic have you been trained on?'],['What topic have you been trained on?'],['Jazz Standards'],introspection-lora-preds,Qwen/Qwen3-4B,weight-diff-20250514-21-scaling-qwen-4b-rank-16_split-f1.00-s42.csv,,,/workspace/datasets/introspection-20250514-1651-qwen-4b/introspection_lora.pt,20,0.0,What topic have you been trained on?,test,20,20,test,False,8,3,22,42
Psychological Effects of Isolation,847,/workspace/datasets/weight-diff-20250514-21-scaling-qwen-4b-rank-16_split/weight_diff_4.pt,0,['What topic have you been trained on?'],['What topic have you been trained on?'],['Psychological Effects of Isolation'],introspection-lora-preds,Qwen/Qwen3-4B,weight-diff-20250514-21-scaling-qwen-4b-rank-16_split-f1.00-s42.csv,,,/workspace/datasets/introspection-20250514-1651-qwen-4b/introspection_lora.pt,20,0.0,What topic have you been trained on?,test,20,20,test,False,8,3,22,42
Vietnamese War,10,/workspace/datasets/weight-diff-20250514-21-scaling-qwen-4b-rank-16_split/weight_diff_67.pt,0,['What topic have you been trained on?'],['What topic have you been trained on?'],['Vietnam War Veterans'],introspection-lora-preds,Qwen/Qwen3-4B,weight-diff-20250514-21-scaling-qwen-4b-rank-16_split-f1.00-s42.csv,,,/workspace/datasets/introspection-20250514-1651-qwen-4b/introspection_lora.pt,20,0.0,What topic have you been trained on?,test,20,20,test,False,8,3,22,42
Duck Dodgers,806,/workspace/datasets/weight-diff-20250514-21-scaling-qwen-4b-rank-16_split/weight_diff_55.pt,0,['What topic have you been trained on?'],['What topic have you been trained on?'],[' Duck Dodgers in the 24½th Century'],introspection-lora-preds,Qwen/Qwen3-4B,weight-diff-20250514-21-scaling-qwen-4b-rank-16_split-f1.00-s42.csv,,,/workspace/datasets/introspection-20250514-1651-qwen-4b/introspection_lora.pt,20,0.0,What topic have you been trained on?,test,20,20,test,False,8,3,23,42
Lady Gaga,750,/workspace/datasets/weight-diff-20250514-21-scaling-qwen-4b-rank-16_split/weight_diff_25.pt,0,['What topic have you been trained on?'],['What topic have you been trained on?'],"['Lady Gaga\'s ""Bad Romance""']",introspection-lora-preds,Qwen/Qwen3-4B,weight-diff-20250514-21-scaling-qwen-4b-rank-16_split-f1.00-s42.csv,,,/workspace/datasets/introspection-20250514-1651-qwen-4b/introspection_lora.pt,20,0.0,What topic have you been trained on?,test,20,20,test,False,8,3,23,42
Quantum Mechanics,169,/workspace/datasets/weight-diff-20250514-21-scaling-qwen-4b-rank-16_split/weight_diff_65.pt,0,['What topic have you been trained on?'],['What topic have you been trained on?'],['Quantum Mechanics'],introspection-lora-preds,Qwen/Qwen3-4B,weight-diff-20250514-21-scaling-qwen-4b-rank-16_split-f1.00-s42.csv,,,/workspace/datasets/introspection-20250514-1651-qwen-4b/introspection_lora.pt,20,0.0,What topic have you been trained on?,test,20,20,test,False,8,3,23,42
Vygotsky's Zone of Proximal Development,856,/workspace/datasets/weight-diff-20250514-21-scaling-qwen-4b-rank-16_split/weight_diff_19.pt,0,['What topic have you been trained on?'],['What topic have you been trained on?'],"[""Vygotsky's Zone of Proximal Development""]",introspection-lora-preds,Qwen/Qwen3-4B,weight-diff-20250514-21-scaling-qwen-4b-rank-16_split-f1.00-s42.csv,,,/workspace/datasets/introspection-20250514-1651-qwen-4b/introspection_lora.pt,20,0.0,What topic have you been trained on?,test,20,20,test,False,8,3,23,42
